,gene1,gene2,combined_score,type,known,degree,betweenness,isSHH
1,AARS1,XBP1,0.432,negative,unknown,3,372.464833571594,no
2,AARS1,ME3,0.41,negative,unknown,3,372.464833571594,no
3,AARS1,SLC3A2,0.533,negative,unknown,3,372.464833571594,no
4,ACTN3,VCL,0.536,negative,unknown,4,14.2200548408734,no
5,ACTN3,PDLIM3,0.446,negative,unknown,4,14.2200548408734,no
6,ACTN3,MYL11,0.784,negative,unknown,4,14.2200548408734,no
7,ACTN3,TPM1,0.681,negative,unknown,4,14.2200548408734,no
8,ADD3,BAIAP2L1,0.432,negative,unknown,2,253.796690826111,no
9,ADD3,MSN,0.501,negative,unknown,2,253.796690826111,no
10,ADRA2B,GNG11,0.541,negative,unknown,2,0,no
11,ADRA2B,RGS16,0.504,negative,unknown,2,0,no
12,AEN,PLK2,0.429,negative,unknown,1,0,no
13,AHCYL1,SOX2,0.51,negative,unknown,2,292.096236866393,no
14,AHCYL1,PRDX6,0.444,negative,unknown,2,292.096236866393,no
15,ANXA3,ANXA5,0.485,negative,unknown,1,367,no
16,ANXA5,VCL,0.685,negative,unknown,13,2026.72488034401,no
17,ANXA5,LGALS1,0.689,negative,unknown,13,2026.72488034401,no
18,ANXA5,XBP1,0.539,negative,unknown,13,2026.72488034401,no
19,ANXA5,HSPB1,0.51,negative,unknown,13,2026.72488034401,no
20,ANXA5,LGALS3,0.477,negative,unknown,13,2026.72488034401,no
21,ANXA5,FGF2,0.607,negative,unknown,13,2026.72488034401,no
22,ANXA5,ANXA3,0.485,negative,unknown,13,2026.72488034401,no
23,ANXA5,EGF,0.659,negative,unknown,13,2026.72488034401,no
24,ANXA5,ATP1A2,0.42,negative,unknown,13,2026.72488034401,no
25,ANXA5,GADD45A,0.439,negative,unknown,13,2026.72488034401,no
26,ANXA5,FOXO3,0.523,negative,unknown,13,2026.72488034401,no
27,ANXA5,SOX2,0.635,negative,unknown,13,2026.72488034401,no
28,ANXA5,BCL2L11,0.712,negative,unknown,13,2026.72488034401,no
29,AP1S2,NCALD,0.548,negative,unknown,1,0,no
30,ARHGAP29,VAX1,0.505,negative,unknown,1,0,no
31,ARL4C,TNRC6C,0.529,negative,unknown,2,367,no
32,ARL4C,FRMD4A,0.437,negative,unknown,2,367,no
33,ATL2,RRBP1,0.456,negative,unknown,1,29.4102942319034,no
34,ATP1A2,GJA1,0.541,negative,unknown,4,933.513737509261,no
35,ATP1A2,ATP1B3,0.978,negative,unknown,4,933.513737509261,no
36,ATP1A2,ANXA5,0.42,negative,unknown,4,933.513737509261,no
37,ATP1A2,NLGN1,0.528,negative,unknown,4,933.513737509261,no
38,ATP1B3,ATP2B1,0.405,negative,unknown,3,568.130144168224,no
39,ATP1B3,SLC1A5,0.523,negative,unknown,3,568.130144168224,no
40,ATP1B3,ATP1A2,0.978,negative,unknown,3,568.130144168224,no
41,ATP2B1,ATP1B3,0.405,negative,unknown,1,183.113884091807,no
42,ATP5F1E,ATP6V1B1,0.54,negative,unknown,2,14.5726910582431,no
43,ATP5F1E,COX17,0.6,negative,unknown,2,14.5726910582431,no
44,ATP6V1B1,VAX2,0.478,negative,unknown,3,369.362616957516,no
45,ATP6V1B1,ATP5F1E,0.54,negative,unknown,3,369.362616957516,no
46,ATP6V1B1,CA2,0.841,negative,unknown,3,369.362616957516,no
47,B3GALT1,GCNT2,0.417,negative,unknown,1,0,no
48,BAIAP2L1,EGF,0.429,negative,unknown,2,381.99874662951,no
49,BAIAP2L1,ADD3,0.432,negative,unknown,2,381.99874662951,no
50,BCAT1,HIBADH,0.574,negative,unknown,1,165.189341565619,no
51,BCL2L11,XBP1,0.689,negative,unknown,5,406.667956377643,no
52,BCL2L11,EGF,0.445,negative,unknown,5,406.667956377643,no
53,BCL2L11,ANXA5,0.712,negative,unknown,5,406.667956377643,no
54,BCL2L11,FOXO3,0.984,negative,unknown,5,406.667956377643,no
55,BCL2L11,GADD45A,0.58,negative,unknown,5,406.667956377643,no
56,BEGAIN,SGCE,0.401,negative,unknown,3,16.8591170323929,no
57,BEGAIN,DIO3,0.432,negative,unknown,3,16.8591170323929,no
58,BEGAIN,RTL1,0.602,negative,unknown,3,16.8591170323929,no
59,BET1,GRIA1,0.499,negative,unknown,7,29.5322488807846,no
60,BET1,GORASP2,0.67,negative,unknown,7,29.5322488807846,no
61,BET1,GOLGA2,0.753,negative,unknown,7,29.5322488807846,no
62,BET1,SEC23A,0.816,negative,unknown,7,29.5322488807846,no
63,BET1,RAB1A,0.884,negative,unknown,7,29.5322488807846,no
64,BET1,USO1,0.982,negative,unknown,7,29.5322488807846,no
65,BET1,SCFD1,0.999,negative,unknown,7,29.5322488807846,no
66,BHLHE41,DBP,0.552,negative,unknown,2,228.206060749396,no
67,BHLHE41,FOXO3,0.407,negative,unknown,2,228.206060749396,no
68,BOC,GLI2,0.495,negative,known,5,0,no
69,BOC,GLI3,0.544,negative,known,5,0,no
70,BOC,CDON,0.942,negative,known,5,0,no
71,BOC,GAS1,0.982,negative,known,5,0,no
72,BOC,SHH,0.996,negative,known,5,0,no
73,BTG2,GDF15,0.442,negative,unknown,6,1546.39408590737,no
74,BTG2,EGF,0.431,negative,unknown,6,1546.39408590737,no
75,BTG2,PLK2,0.416,negative,unknown,6,1546.39408590737,no
76,BTG2,TRIB1,0.481,negative,unknown,6,1546.39408590737,no
77,BTG2,IER2,0.636,negative,unknown,6,1546.39408590737,no
78,BTG2,GADD45A,0.714,negative,unknown,6,1546.39408590737,no
79,CA2,ATP6V1B1,0.841,negative,unknown,2,16.3273354698277,no
80,CA2,CA4,0.557,negative,unknown,2,16.3273354698277,no
81,CA4,CA2,0.557,negative,unknown,2,131.28347985348,no
82,CA4,MERTK,0.48,negative,unknown,2,131.28347985348,no
83,CD2AP,PDLIM3,0.568,negative,unknown,3,781.671730174237,no
84,CD2AP,FERMT2,0.664,negative,unknown,3,781.671730174237,no
85,CD2AP,UBC,0.947,negative,unknown,3,781.671730174237,no
86,CDH11,VCL,0.603,negative,unknown,4,564.031889391977,no
87,CDH11,COL11A1,0.455,negative,unknown,4,564.031889391977,no
88,CDH11,GJA1,0.507,negative,unknown,4,564.031889391977,no
89,CDH11,DSP,0.516,negative,unknown,4,564.031889391977,no
90,CDON,BOC,0.942,negative,known,6,1.02881192881193,no
91,CDON,SHH,0.999,negative,known,6,1.02881192881193,no
92,CDON,GAS1,0.995,negative,known,6,1.02881192881193,no
93,CDON,ZIC2,0.464,negative,known,6,1.02881192881193,no
94,CDON,GLI3,0.526,negative,known,6,1.02881192881193,no
95,CDON,GLI2,0.623,negative,known,6,1.02881192881193,no
96,CEP57,FGF2,0.517,negative,unknown,2,8.74822922237317,no
97,CEP57,OPTN,0.507,negative,unknown,2,8.74822922237317,no
98,CNN3,VCL,0.644,negative,unknown,1,0,no
99,COL11A1,LAMC1,0.432,negative,unknown,9,1316.9458170411,no
100,COL11A1,CDH11,0.455,negative,unknown,9,1316.9458170411,no
101,COL11A1,P3H2,0.596,negative,unknown,9,1316.9458170411,no
102,COL11A1,CRTAP,0.57,negative,unknown,9,1316.9458170411,no
103,COL11A1,COLGALT2,0.568,negative,unknown,9,1316.9458170411,no
104,COL11A1,PCDH9,0.413,negative,unknown,9,1316.9458170411,no
105,COL11A1,UNC5D,0.414,negative,unknown,9,1316.9458170411,no
106,COL11A1,FBN2,0.481,negative,unknown,9,1316.9458170411,no
107,COL11A1,COL25A1,0.505,negative,unknown,9,1316.9458170411,no
108,COL25A1,P3H2,0.503,negative,unknown,4,2.88080065359477,no
109,COL25A1,CRTAP,0.503,negative,unknown,4,2.88080065359477,no
110,COL25A1,COLGALT2,0.629,negative,unknown,4,2.88080065359477,no
111,COL25A1,COL11A1,0.505,negative,unknown,4,2.88080065359477,no
112,COLGALT2,COL11A1,0.568,negative,unknown,2,0,no
113,COLGALT2,COL25A1,0.629,negative,unknown,2,0,no
114,COX17,ATP5F1E,0.6,negative,unknown,2,285.854036409421,no
115,COX17,LGALS3,0.474,negative,unknown,2,285.854036409421,no
116,CREB3L2,XBP1,0.495,negative,unknown,3,283.726723137342,no
117,CREB3L2,SEC23A,0.553,negative,unknown,3,283.726723137342,no
118,CREB3L2,CREB5,0.922,negative,unknown,3,283.726723137342,no
119,CREB5,CREB3L2,0.922,negative,unknown,1,10.2304593554594,no
120,CRTAP,P3H2,0.517,negative,unknown,3,242.180623537828,no
121,CRTAP,COL25A1,0.503,negative,unknown,3,242.180623537828,no
122,CRTAP,COL11A1,0.57,negative,unknown,3,242.180623537828,no
123,CTNNBIP1,FOXO3,0.435,negative,unknown,1,25.4018699536804,no
124,CUL4B,SMC5,0.554,negative,unknown,3,417.922495292795,no
125,CUL4B,LIG3,0.464,negative,unknown,3,417.922495292795,no
126,CUL4B,UBC,0.611,negative,unknown,3,417.922495292795,no
127,CXCL14,SHH,0.454,negative,unknown,1,0,no
128,DBF4,PTTG1,0.425,negative,unknown,3,199.19912467238,no
129,DBF4,PLK2,0.541,negative,unknown,3,199.19912467238,no
130,DBF4,FOXG1,0.717,negative,unknown,3,199.19912467238,no
131,DBP,BHLHE41,0.552,negative,unknown,1,22.927817858993,no
132,DDIT4,KLF9,0.409,negative,unknown,3,185.894815189531,no
133,DDIT4,FOXO3,0.416,negative,unknown,3,185.894815189531,no
134,DDIT4,GADD45A,0.428,negative,unknown,3,185.894815189531,no
135,DHCR7,SHH,0.551,negative,unknown,6,1295.59395441639,no
136,DHCR7,SEC23A,0.432,negative,unknown,6,1295.59395441639,no
137,DHCR7,INSIG1,0.709,negative,unknown,6,1295.59395441639,no
138,DHCR7,GLI2,0.474,negative,unknown,6,1295.59395441639,no
139,DHCR7,IDI1,0.864,negative,unknown,6,1295.59395441639,no
140,DHCR7,FDFT1,0.938,negative,unknown,6,1295.59395441639,no
141,DHRS2,PALM2AKAP2,0.478,negative,unknown,2,1098,no
142,DHRS2,TTC3,0.874,negative,unknown,2,1098,no
143,DIO3,TRH,0.83,negative,unknown,3,32.6687663643546,no
144,DIO3,BEGAIN,0.432,negative,unknown,3,32.6687663643546,no
145,DIO3,RTL1,0.791,negative,unknown,3,32.6687663643546,no
146,DMD,VCL,0.94,negative,unknown,7,2784.71810567859,no
147,DMD,LAMC1,0.687,negative,unknown,7,2784.71810567859,no
148,DMD,EGF,0.454,negative,unknown,7,2784.71810567859,no
149,DMD,TPM1,0.781,negative,unknown,7,2784.71810567859,no
150,DMD,TPM4,0.548,negative,unknown,7,2784.71810567859,no
151,DMD,DSP,0.609,negative,unknown,7,2784.71810567859,no
152,DMD,SGCE,0.981,negative,unknown,7,2784.71810567859,no
153,DSP,VCL,0.655,negative,unknown,10,1196.09437919518,no
154,DSP,LGALS3,0.457,negative,unknown,10,1196.09437919518,no
155,DSP,CDH11,0.516,negative,unknown,10,1196.09437919518,no
156,DSP,GJA1,0.84,negative,unknown,10,1196.09437919518,no
157,DSP,KRT17,0.435,negative,unknown,10,1196.09437919518,no
158,DSP,SOX2,0.411,negative,unknown,10,1196.09437919518,no
159,DSP,MSN,0.583,negative,unknown,10,1196.09437919518,no
160,DSP,DMD,0.609,negative,unknown,10,1196.09437919518,no
161,DSP,ECT2,0.402,negative,unknown,10,1196.09437919518,no
162,DSP,PERP,0.844,negative,unknown,10,1196.09437919518,no
163,DUSP4,PHLDA1,0.536,negative,unknown,1,0,no
164,ECT2,SEMA3F,0.407,negative,unknown,6,524.740160402523,no
165,ECT2,PLS1,0.418,negative,unknown,6,524.740160402523,no
166,ECT2,DSP,0.402,negative,unknown,6,524.740160402523,no
167,ECT2,GAS2L3,0.451,negative,unknown,6,524.740160402523,no
168,ECT2,HJURP,0.588,negative,unknown,6,524.740160402523,no
169,ECT2,PTTG1,0.623,negative,unknown,6,524.740160402523,no
170,EGF,BAIAP2L1,0.429,negative,unknown,25,13030.9674768164,no
171,EGF,VCL,0.616,negative,unknown,25,13030.9674768164,no
172,EGF,LGALS1,0.493,negative,unknown,25,13030.9674768164,no
173,EGF,LGALS3,0.773,negative,unknown,25,13030.9674768164,no
174,EGF,JAG1,0.869,negative,unknown,25,13030.9674768164,no
175,EGF,LAMC1,0.561,negative,unknown,25,13030.9674768164,no
176,EGF,FGF2,0.969,negative,unknown,25,13030.9674768164,no
177,EGF,TNC,0.599,negative,unknown,25,13030.9674768164,no
178,EGF,MSN,0.423,negative,unknown,25,13030.9674768164,no
179,EGF,BTG2,0.431,negative,unknown,25,13030.9674768164,no
180,EGF,SOX1,0.434,negative,unknown,25,13030.9674768164,no
181,EGF,BCL2L11,0.445,negative,unknown,25,13030.9674768164,no
182,EGF,FOXO3,0.451,negative,unknown,25,13030.9674768164,no
183,EGF,DMD,0.454,negative,unknown,25,13030.9674768164,no
184,EGF,GXYLT1,0.523,negative,unknown,25,13030.9674768164,no
185,EGF,SPRY1,0.612,negative,unknown,25,13030.9674768164,no
186,EGF,PAX6,0.614,negative,unknown,25,13030.9674768164,no
187,EGF,GJA1,0.644,negative,unknown,25,13030.9674768164,no
188,EGF,ANXA5,0.659,negative,unknown,25,13030.9674768164,no
189,EGF,UBC,0.696,negative,unknown,25,13030.9674768164,no
190,EGF,RAB5A,0.696,negative,unknown,25,13030.9674768164,no
191,EGF,SOX2,0.725,negative,unknown,25,13030.9674768164,no
192,EGF,LRIG1,0.776,negative,unknown,25,13030.9674768164,no
193,EGF,SHH,0.783,negative,unknown,25,13030.9674768164,no
194,EGF,NRG1,0.972,negative,unknown,25,13030.9674768164,no
195,EHD4,RAB5A,0.431,negative,unknown,1,0,no
196,EIF1,RPLP1,0.504,negative,unknown,2,1096,no
197,EIF1,UBC,0.774,negative,unknown,2,1096,no
198,EPHA4,SEMA3F,0.403,negative,unknown,1,688.476888319714,no
199,FBN2,MYLK,0.503,negative,unknown,3,123.827606362022,no
200,FBN2,COL11A1,0.481,negative,unknown,3,123.827606362022,no
201,FBN2,ZIC2,0.404,negative,unknown,3,123.827606362022,no
202,FDFT1,INSIG1,0.774,negative,unknown,3,133.319033341969,no
203,FDFT1,DHCR7,0.938,negative,unknown,3,133.319033341969,no
204,FDFT1,IDI1,0.94,negative,unknown,3,133.319033341969,no
205,FERMT2,VCL,0.896,negative,unknown,3,39.234331344316,no
206,FERMT2,MSN,0.45,negative,unknown,3,39.234331344316,no
207,FERMT2,CD2AP,0.664,negative,unknown,3,39.234331344316,no
208,FEZF1,LHX2,0.554,negative,unknown,2,231.59497838571,no
209,FEZF1,ZNF385B,0.458,negative,unknown,2,231.59497838571,no
210,FGF2,VCL,0.455,negative,unknown,17,3172.75891395434,no
211,FGF2,LGALS3,0.613,negative,unknown,17,3172.75891395434,no
212,FGF2,JAG1,0.536,negative,unknown,17,3172.75891395434,no
213,FGF2,LPAR1,0.433,negative,unknown,17,3172.75891395434,no
214,FGF2,PTTG1,0.453,negative,unknown,17,3172.75891395434,no
215,FGF2,FOXG1,0.477,negative,unknown,17,3172.75891395434,no
216,FGF2,CEP57,0.517,negative,unknown,17,3172.75891395434,no
217,FGF2,OTX2,0.559,negative,unknown,17,3172.75891395434,no
218,FGF2,NRG1,0.593,negative,unknown,17,3172.75891395434,no
219,FGF2,GJA1,0.601,negative,unknown,17,3172.75891395434,no
220,FGF2,SOX1,0.604,negative,unknown,17,3172.75891395434,no
221,FGF2,ANXA5,0.607,negative,unknown,17,3172.75891395434,no
222,FGF2,PAX6,0.708,negative,unknown,17,3172.75891395434,no
223,FGF2,UBC,0.747,negative,unknown,17,3172.75891395434,no
224,FGF2,SHH,0.749,negative,unknown,17,3172.75891395434,no
225,FGF2,SOX2,0.933,negative,unknown,17,3172.75891395434,no
226,FGF2,EGF,0.969,negative,unknown,17,3172.75891395434,no
227,FJX1,PRICKLE1,0.406,negative,unknown,1,0,no
228,FOXG1,FGF2,0.477,negative,unknown,13,1509.4952896898,no
229,FOXG1,DBF4,0.717,negative,unknown,13,1509.4952896898,no
230,FOXG1,PRDM16,0.715,negative,unknown,13,1509.4952896898,no
231,FOXG1,SHH,0.757,negative,unknown,13,1509.4952896898,no
232,FOXG1,SOX2,0.749,negative,unknown,13,1509.4952896898,no
233,FOXG1,SOX1,0.681,negative,unknown,13,1509.4952896898,no
234,FOXG1,VAX1,0.402,negative,unknown,13,1509.4952896898,no
235,FOXG1,GLI3,0.423,negative,unknown,13,1509.4952896898,no
236,FOXG1,RRBP1,0.485,negative,unknown,13,1509.4952896898,no
237,FOXG1,LHX2,0.731,negative,unknown,13,1509.4952896898,no
238,FOXG1,FOXO3,0.748,negative,unknown,13,1509.4952896898,no
239,FOXG1,OTX2,0.781,negative,unknown,13,1509.4952896898,no
240,FOXG1,PAX6,0.865,negative,unknown,13,1509.4952896898,no
241,FOXO3,XBP1,0.423,negative,unknown,15,2503.49089159459,no
242,FOXO3,BHLHE41,0.407,negative,unknown,15,2503.49089159459,no
243,FOXO3,EGF,0.451,negative,unknown,15,2503.49089159459,no
244,FOXO3,ANXA5,0.523,negative,unknown,15,2503.49089159459,no
245,FOXO3,DDIT4,0.416,negative,unknown,15,2503.49089159459,no
246,FOXO3,SOX2,0.64,negative,unknown,15,2503.49089159459,no
247,FOXO3,TNRC6C,0.433,negative,unknown,15,2503.49089159459,no
248,FOXO3,FOXG1,0.748,negative,unknown,15,2503.49089159459,no
249,FOXO3,CTNNBIP1,0.435,negative,unknown,15,2503.49089159459,no
250,FOXO3,PAX6,0.502,negative,unknown,15,2503.49089159459,no
251,FOXO3,MAX,0.627,negative,unknown,15,2503.49089159459,no
252,FOXO3,IRS2,0.681,negative,unknown,15,2503.49089159459,no
253,FOXO3,GADD45A,0.752,negative,unknown,15,2503.49089159459,no
254,FOXO3,BCL2L11,0.984,negative,unknown,15,2503.49089159459,no
255,FOXO3,ID1,0.989,negative,unknown,15,2503.49089159459,no
256,FRMD4A,ARL4C,0.437,negative,unknown,1,0,no
257,GABRA5,UNC5D,0.403,negative,unknown,3,332.925128686014,no
258,GABRA5,GLI2,0.416,negative,unknown,3,332.925128686014,no
259,GABRA5,GRIA1,0.552,negative,unknown,3,332.925128686014,no
260,GADD45A,GDF15,0.531,negative,unknown,8,731.202900293796,no
261,GADD45A,PLK2,0.42,negative,unknown,8,731.202900293796,no
262,GADD45A,BTG2,0.714,negative,unknown,8,731.202900293796,no
263,GADD45A,ANXA5,0.439,negative,unknown,8,731.202900293796,no
264,GADD45A,DDIT4,0.428,negative,unknown,8,731.202900293796,no
265,GADD45A,FOXO3,0.752,negative,unknown,8,731.202900293796,no
266,GADD45A,PERP,0.418,negative,unknown,8,731.202900293796,no
267,GADD45A,BCL2L11,0.58,negative,unknown,8,731.202900293796,no
268,GAS1,BOC,0.982,negative,known,6,1.02881192881193,no
269,GAS1,SHH,0.999,negative,known,6,1.02881192881193,no
270,GAS1,GLI2,0.607,negative,known,6,1.02881192881193,no
271,GAS1,GLI3,0.633,negative,known,6,1.02881192881193,no
272,GAS1,ZIC2,0.727,negative,known,6,1.02881192881193,no
273,GAS1,CDON,0.995,negative,known,6,1.02881192881193,no
274,GAS2L3,ECT2,0.451,negative,unknown,1,0,no
275,GCNT2,B3GALT1,0.417,negative,unknown,1,0,no
276,GDF15,HSPB1,0.507,negative,unknown,4,349.62810895413,no
277,GDF15,BTG2,0.442,negative,unknown,4,349.62810895413,no
278,GDF15,GADD45A,0.531,negative,unknown,4,349.62810895413,no
279,GDF15,LGALS3,0.667,negative,unknown,4,349.62810895413,no
280,GJA1,VCL,0.795,negative,unknown,11,1613.17247820515,no
281,GJA1,FGF2,0.601,negative,unknown,11,1613.17247820515,no
282,GJA1,EGF,0.644,negative,unknown,11,1613.17247820515,no
283,GJA1,CDH11,0.507,negative,unknown,11,1613.17247820515,no
284,GJA1,PERP,0.457,negative,unknown,11,1613.17247820515,no
285,GJA1,SLC1A5,0.485,negative,unknown,11,1613.17247820515,no
286,GJA1,ATP1A2,0.541,negative,unknown,11,1613.17247820515,no
287,GJA1,RRBP1,0.587,negative,unknown,11,1613.17247820515,no
288,GJA1,SOX2,0.612,negative,unknown,11,1613.17247820515,no
289,GJA1,ZIC3,0.765,negative,unknown,11,1613.17247820515,no
290,GJA1,DSP,0.84,negative,unknown,11,1613.17247820515,no
291,GLI2,JAG1,0.48,negative,known,17,1851.6150178221,no
292,GLI2,NOTCH2,0.431,negative,known,17,1851.6150178221,no
293,GLI2,BOC,0.495,negative,known,17,1851.6150178221,no
294,GLI2,ZIC3,0.49,negative,known,17,1851.6150178221,no
295,GLI2,SHH,0.975,negative,known,17,1851.6150178221,no
296,GLI2,GAS1,0.607,negative,known,17,1851.6150178221,no
297,GLI2,SOX2,0.694,negative,known,17,1851.6150178221,no
298,GLI2,DHCR7,0.474,negative,known,17,1851.6150178221,no
299,GLI2,ZNF521,0.603,negative,known,17,1851.6150178221,no
300,GLI2,ZIC2,0.495,negative,known,17,1851.6150178221,no
301,GLI2,CDON,0.623,negative,known,17,1851.6150178221,no
302,GLI2,GLI3,0.941,negative,known,17,1851.6150178221,no
303,GLI2,GABRA5,0.416,negative,known,17,1851.6150178221,no
304,GLI2,SEM1,0.46,negative,known,17,1851.6150178221,no
305,GLI2,UBC,0.529,negative,known,17,1851.6150178221,no
306,GLI2,PAX6,0.535,negative,known,17,1851.6150178221,no
307,GLI2,OTX2,0.555,negative,known,17,1851.6150178221,no
308,GLI3,TOX3,0.429,negative,known,16,986.171599032479,no
309,GLI3,JAG1,0.423,negative,known,16,986.171599032479,no
310,GLI3,BOC,0.544,negative,known,16,986.171599032479,no
311,GLI3,ZIC3,0.819,negative,known,16,986.171599032479,no
312,GLI3,SHH,0.966,negative,known,16,986.171599032479,no
313,GLI3,GAS1,0.633,negative,known,16,986.171599032479,no
314,GLI3,SOX2,0.747,negative,known,16,986.171599032479,no
315,GLI3,FOXG1,0.423,negative,known,16,986.171599032479,no
316,GLI3,SMOC1,0.415,negative,known,16,986.171599032479,no
317,GLI3,ZIC2,0.625,negative,known,16,986.171599032479,no
318,GLI3,CDON,0.526,negative,known,16,986.171599032479,no
319,GLI3,SEM1,0.4,negative,known,16,986.171599032479,no
320,GLI3,OTX2,0.444,negative,known,16,986.171599032479,no
321,GLI3,UBC,0.529,negative,known,16,986.171599032479,no
322,GLI3,PAX6,0.6,negative,known,16,986.171599032479,no
323,GLI3,GLI2,0.941,negative,known,16,986.171599032479,no
324,GNG11,RGS16,0.518,negative,unknown,3,1220.96310530535,no
325,GNG11,ADRA2B,0.541,negative,unknown,3,1220.96310530535,no
326,GNG11,LPAR1,0.611,negative,unknown,3,1220.96310530535,no
327,GOLGA2,BET1,0.753,negative,unknown,12,1374.95350473899,no
328,GOLGA2,GORASP2,0.994,negative,unknown,12,1374.95350473899,no
329,GOLGA2,MAN2A1,0.555,negative,unknown,12,1374.95350473899,no
330,GOLGA2,USO1,0.997,negative,unknown,12,1374.95350473899,no
331,GOLGA2,RAB5A,0.62,negative,unknown,12,1374.95350473899,no
332,GOLGA2,WHAMM,0.764,negative,unknown,12,1374.95350473899,no
333,GOLGA2,ZFPL1,0.608,negative,unknown,12,1374.95350473899,no
334,GOLGA2,SEC23A,0.612,negative,unknown,12,1374.95350473899,no
335,GOLGA2,PTTG1,0.445,negative,unknown,12,1374.95350473899,no
336,GOLGA2,RAB1A,0.947,negative,unknown,12,1374.95350473899,no
337,GOLGA2,SCFD1,0.771,negative,unknown,12,1374.95350473899,no
338,GOLGA2,GRIA1,0.534,negative,unknown,12,1374.95350473899,no
339,GORASP2,BET1,0.67,negative,unknown,8,77.4388845900611,no
340,GORASP2,MAN2A1,0.465,negative,unknown,8,77.4388845900611,no
341,GORASP2,SEC23A,0.5,negative,unknown,8,77.4388845900611,no
342,GORASP2,SCFD1,0.531,negative,unknown,8,77.4388845900611,no
343,GORASP2,SURF4,0.65,negative,unknown,8,77.4388845900611,no
344,GORASP2,USO1,0.732,negative,unknown,8,77.4388845900611,no
345,GORASP2,RAB1A,0.868,negative,unknown,8,77.4388845900611,no
346,GORASP2,GOLGA2,0.994,negative,unknown,8,77.4388845900611,no
347,GRIA1,BET1,0.499,negative,unknown,8,1905.73732887913,no
348,GRIA1,USO1,0.499,negative,unknown,8,1905.73732887913,no
349,GRIA1,SEC23A,0.499,negative,unknown,8,1905.73732887913,no
350,GRIA1,HOMER1,0.873,negative,unknown,8,1905.73732887913,no
351,GRIA1,GABRA5,0.552,negative,unknown,8,1905.73732887913,no
352,GRIA1,SCFD1,0.499,negative,unknown,8,1905.73732887913,no
353,GRIA1,NLGN1,0.633,negative,unknown,8,1905.73732887913,no
354,GRIA1,GOLGA2,0.534,negative,unknown,8,1905.73732887913,no
355,GXYLT1,EGF,0.523,negative,unknown,1,0,no
356,HERPUD1,XBP1,0.823,negative,unknown,3,62.5408577644045,no
357,HERPUD1,ID2,0.432,negative,unknown,3,62.5408577644045,no
358,HERPUD1,OPTN,0.43,negative,unknown,3,62.5408577644045,no
359,HIBADH,BCAT1,0.574,negative,unknown,1,188.772154099558,no
360,HJURP,ECT2,0.588,negative,unknown,2,0,no
361,HJURP,PTTG1,0.708,negative,unknown,2,0,no
362,HOMER1,PLK2,0.504,negative,unknown,3,394.214594059358,no
363,HOMER1,NLGN1,0.726,negative,unknown,3,394.214594059358,no
364,HOMER1,GRIA1,0.873,negative,unknown,3,394.214594059358,no
365,HS3ST3B1,HS6ST2,0.509,negative,unknown,1,367,no
366,HS6ST2,HS3ST3B1,0.509,negative,unknown,1,0,no
367,HSPB1,VCL,0.447,negative,unknown,6,751.304754086768,no
368,HSPB1,SOX2,0.453,negative,unknown,6,751.304754086768,no
369,HSPB1,GDF15,0.507,negative,unknown,6,751.304754086768,no
370,HSPB1,ANXA5,0.51,negative,unknown,6,751.304754086768,no
371,HSPB1,UBC,0.573,negative,unknown,6,751.304754086768,no
372,HSPB1,PRDX6,0.581,negative,unknown,6,751.304754086768,no
373,ID1,ID2,0.516,negative,unknown,4,79.0906133833709,no
374,ID1,JAG1,0.554,negative,unknown,4,79.0906133833709,no
375,ID1,SOX2,0.405,negative,unknown,4,79.0906133833709,no
376,ID1,FOXO3,0.989,negative,unknown,4,79.0906133833709,no
377,ID2,SOX2,0.418,negative,unknown,3,44.9049712283977,no
378,ID2,HERPUD1,0.432,negative,unknown,3,44.9049712283977,no
379,ID2,ID1,0.516,negative,unknown,3,44.9049712283977,no
380,IDI1,INSIG1,0.86,negative,unknown,3,0,no
381,IDI1,DHCR7,0.864,negative,unknown,3,0,no
382,IDI1,FDFT1,0.94,negative,unknown,3,0,no
383,IER2,PHLDA1,0.503,negative,unknown,2,732,no
384,IER2,BTG2,0.636,negative,unknown,2,732,no
385,IMMP1L,PAX6,0.625,negative,unknown,1,0,no
386,INSIG1,PERP,0.401,negative,unknown,5,609.208146556903,no
387,INSIG1,IRS2,0.624,negative,unknown,5,609.208146556903,no
388,INSIG1,DHCR7,0.709,negative,unknown,5,609.208146556903,no
389,INSIG1,FDFT1,0.774,negative,unknown,5,609.208146556903,no
390,INSIG1,IDI1,0.86,negative,unknown,5,609.208146556903,no
391,IRS2,FOXO3,0.681,negative,unknown,3,360.115879014673,no
392,IRS2,INSIG1,0.624,negative,unknown,3,360.115879014673,no
393,IRS2,IRS4,0.983,negative,unknown,3,360.115879014673,no
394,IRS4,IRS2,0.983,negative,unknown,1,0,no
395,JAG1,GLI3,0.423,negative,unknown,9,388.303579512387,no
396,JAG1,UBC,0.457,negative,unknown,9,388.303579512387,no
397,JAG1,GLI2,0.48,negative,unknown,9,388.303579512387,no
398,JAG1,FGF2,0.536,negative,unknown,9,388.303579512387,no
399,JAG1,ID1,0.554,negative,unknown,9,388.303579512387,no
400,JAG1,SHH,0.616,negative,unknown,9,388.303579512387,no
401,JAG1,SOX2,0.701,negative,unknown,9,388.303579512387,no
402,JAG1,EGF,0.869,negative,unknown,9,388.303579512387,no
403,JAG1,NOTCH2,0.999,negative,unknown,9,388.303579512387,no
404,KHDC4,SMC5,0.429,negative,unknown,1,20.2499573967569,no
405,KLF9,DDIT4,0.409,negative,unknown,1,9.04226631999198,no
406,KRT17,DSP,0.435,negative,unknown,1,7.03582462505648,no
407,LAMC1,LGALS1,0.631,negative,unknown,6,548.378189260063,no
408,LAMC1,LGALS3,0.439,negative,unknown,6,548.378189260063,no
409,LAMC1,COL11A1,0.432,negative,unknown,6,548.378189260063,no
410,LAMC1,TNC,0.447,negative,unknown,6,548.378189260063,no
411,LAMC1,EGF,0.561,negative,unknown,6,548.378189260063,no
412,LAMC1,DMD,0.687,negative,unknown,6,548.378189260063,no
413,LARP1B,LARP4B,0.616,negative,unknown,1,0,no
414,LARP4B,LARP1B,0.616,negative,unknown,1,0,no
415,LGALS1,TMSB10,0.427,negative,unknown,7,1104.52510012736,no
416,LGALS1,TRH,0.451,negative,unknown,7,1104.52510012736,no
417,LGALS1,EGF,0.493,negative,unknown,7,1104.52510012736,no
418,LGALS1,NLGN1,0.54,negative,unknown,7,1104.52510012736,no
419,LGALS1,LAMC1,0.631,negative,unknown,7,1104.52510012736,no
420,LGALS1,ANXA5,0.689,negative,unknown,7,1104.52510012736,no
421,LGALS1,LGALS3,0.735,negative,unknown,7,1104.52510012736,no
422,LGALS3,LGALS1,0.735,negative,unknown,11,2351.98238408647,no
423,LGALS3,GDF15,0.667,negative,unknown,11,2351.98238408647,no
424,LGALS3,LAMC1,0.439,negative,unknown,11,2351.98238408647,no
425,LGALS3,DSP,0.457,negative,unknown,11,2351.98238408647,no
426,LGALS3,COX17,0.474,negative,unknown,11,2351.98238408647,no
427,LGALS3,ANXA5,0.477,negative,unknown,11,2351.98238408647,no
428,LGALS3,MSN,0.506,negative,unknown,11,2351.98238408647,no
429,LGALS3,FGF2,0.613,negative,unknown,11,2351.98238408647,no
430,LGALS3,EGF,0.773,negative,unknown,11,2351.98238408647,no
431,LGALS3,SLC3A2,0.829,negative,unknown,11,2351.98238408647,no
432,LGALS3,MERTK,0.918,negative,unknown,11,2351.98238408647,no
433,LGR4,UBC,0.519,negative,unknown,1,3.4730536087953,no
434,LHX2,VAX2,0.449,negative,unknown,12,1834.17630856842,no
435,LHX2,SHH,0.581,negative,unknown,12,1834.17630856842,no
436,LHX2,SOX2,0.601,negative,unknown,12,1834.17630856842,no
437,LHX2,SOX1,0.464,negative,unknown,12,1834.17630856842,no
438,LHX2,LMO1,0.429,negative,unknown,12,1834.17630856842,no
439,LHX2,FOXG1,0.731,negative,unknown,12,1834.17630856842,no
440,LHX2,VAX1,0.47,negative,unknown,12,1834.17630856842,no
441,LHX2,ZIC2,0.445,negative,unknown,12,1834.17630856842,no
442,LHX2,UNC5D,0.464,negative,unknown,12,1834.17630856842,no
443,LHX2,SP8,0.52,negative,unknown,12,1834.17630856842,no
444,LHX2,FEZF1,0.554,negative,unknown,12,1834.17630856842,no
445,LHX2,PAX6,0.576,negative,unknown,12,1834.17630856842,no
446,LIG3,REV3L,0.423,negative,unknown,3,1.79166666666667,no
447,LIG3,UBC,0.449,negative,unknown,3,1.79166666666667,no
448,LIG3,CUL4B,0.464,negative,unknown,3,1.79166666666667,no
449,LIMA1,VCL,0.773,negative,unknown,2,27.6330873119886,no
450,LIMA1,PALLD,0.565,negative,unknown,2,27.6330873119886,no
451,LMO1,LHX2,0.429,negative,unknown,2,279.777906936823,no
452,LMO1,LMO4,0.627,negative,unknown,2,279.777906936823,no
453,LMO4,LMO1,0.627,negative,unknown,1,0,no
454,LPAR1,GNG11,0.611,negative,unknown,3,88.8183312200131,no
455,LPAR1,FGF2,0.433,negative,unknown,3,88.8183312200131,no
456,LPAR1,RGS16,0.559,negative,unknown,3,88.8183312200131,no
457,LPP,VCL,0.631,negative,unknown,2,0,no
458,LPP,PALLD,0.657,negative,unknown,2,0,no
459,LRIG1,EGF,0.776,negative,unknown,3,373.679097079384,no
460,LRIG1,UBC,0.517,negative,unknown,3,373.679097079384,no
461,LRIG1,PTPRG,0.561,negative,unknown,3,373.679097079384,no
462,MAN2A1,GORASP2,0.465,negative,unknown,2,183.531964998154,no
463,MAN2A1,GOLGA2,0.555,negative,unknown,2,183.531964998154,no
464,MAX,FOXO3,0.627,negative,unknown,2,90.1528969884288,no
465,MAX,PALLD,0.503,negative,unknown,2,90.1528969884288,no
466,ME3,AARS1,0.41,negative,unknown,1,61.3737142696145,no
467,MERTK,LGALS3,0.918,negative,unknown,2,561.370671549156,no
468,MERTK,CA4,0.48,negative,unknown,2,561.370671549156,no
469,MRPS6,SLC5A3,0.695,negative,unknown,1,474.371386749721,no
470,MSN,VCL,0.951,negative,unknown,12,2045.73514264633,no
471,MSN,LGALS3,0.506,negative,unknown,12,2045.73514264633,no
472,MSN,EGF,0.423,negative,unknown,12,2045.73514264633,no
473,MSN,RAB5A,0.421,negative,unknown,12,2045.73514264633,no
474,MSN,RAB11FIP1,0.451,negative,unknown,12,2045.73514264633,no
475,MSN,PLS1,0.862,negative,unknown,12,2045.73514264633,no
476,MSN,FERMT2,0.45,negative,unknown,12,2045.73514264633,no
477,MSN,ADD3,0.501,negative,unknown,12,2045.73514264633,no
478,MSN,PALLD,0.474,negative,unknown,12,2045.73514264633,no
479,MSN,RRBP1,0.509,negative,unknown,12,2045.73514264633,no
480,MSN,DSP,0.583,negative,unknown,12,2045.73514264633,no
481,MSN,TPM4,0.655,negative,unknown,12,2045.73514264633,no
482,MYLK,VCL,0.814,negative,unknown,5,117.135756585195,no
483,MYLK,MYL11,0.738,negative,unknown,5,117.135756585195,no
484,MYLK,TPM1,0.857,negative,unknown,5,117.135756585195,no
485,MYLK,FBN2,0.503,negative,unknown,5,117.135756585195,no
486,MYLK,TPM4,0.707,negative,unknown,5,117.135756585195,no
487,MYL11,VCL,0.571,negative,unknown,6,25.6691332251942,no
488,MYL11,PDLIM3,0.483,negative,unknown,6,25.6691332251942,no
489,MYL11,MYLK,0.738,negative,unknown,6,25.6691332251942,no
490,MYL11,TPM4,0.748,negative,unknown,6,25.6691332251942,no
491,MYL11,ACTN3,0.784,negative,unknown,6,25.6691332251942,no
492,MYL11,TPM1,0.833,negative,unknown,6,25.6691332251942,no
493,NAV1,NRG1,0.496,negative,unknown,1,0,no
494,NCALD,AP1S2,0.548,negative,unknown,1,367,no
495,NLGN1,LGALS1,0.54,negative,unknown,4,645.541631097812,no
496,NLGN1,HOMER1,0.726,negative,unknown,4,645.541631097812,no
497,NLGN1,ATP1A2,0.528,negative,unknown,4,645.541631097812,no
498,NLGN1,GRIA1,0.633,negative,unknown,4,645.541631097812,no
499,NOTCH2,TOX3,0.421,negative,unknown,8,722.491822930202,no
500,NOTCH2,JAG1,0.999,negative,unknown,8,722.491822930202,no
501,NOTCH2,GLI2,0.431,negative,unknown,8,722.491822930202,no
502,NOTCH2,ZIC3,0.44,negative,unknown,8,722.491822930202,no
503,NOTCH2,SOX2,0.504,negative,unknown,8,722.491822930202,no
504,NOTCH2,UBC,0.536,negative,unknown,8,722.491822930202,no
505,NOTCH2,SHH,0.553,negative,unknown,8,722.491822930202,no
506,NOTCH2,TNRC6C,0.555,negative,unknown,8,722.491822930202,no
507,NRG1,FGF2,0.593,negative,unknown,4,953.079882137598,no
508,NRG1,EGF,0.972,negative,unknown,4,953.079882137598,no
509,NRG1,NAV1,0.496,negative,unknown,4,953.079882137598,no
510,NRG1,UBC,0.538,negative,unknown,4,953.079882137598,no
511,OPTN,RAB5A,0.405,negative,unknown,4,227.682837278525,no
512,OPTN,CEP57,0.507,negative,unknown,4,227.682837278525,no
513,OPTN,HERPUD1,0.43,negative,unknown,4,227.682837278525,no
514,OPTN,UBC,0.996,negative,unknown,4,227.682837278525,no
515,OTX2,FGF2,0.559,negative,unknown,11,578.779559750905,no
516,OTX2,ZIC5,0.501,negative,unknown,11,578.779559750905,no
517,OTX2,ZIC3,0.685,negative,unknown,11,578.779559750905,no
518,OTX2,SHH,0.74,negative,unknown,11,578.779559750905,no
519,OTX2,SOX2,0.914,negative,unknown,11,578.779559750905,no
520,OTX2,SOX1,0.807,negative,unknown,11,578.779559750905,no
521,OTX2,FOXG1,0.781,negative,unknown,11,578.779559750905,no
522,OTX2,ZIC2,0.684,negative,unknown,11,578.779559750905,no
523,OTX2,GLI3,0.444,negative,unknown,11,578.779559750905,no
524,OTX2,GLI2,0.555,negative,unknown,11,578.779559750905,no
525,OTX2,PAX6,0.479,negative,unknown,11,578.779559750905,no
526,P3H2,COL25A1,0.503,negative,unknown,3,367,no
527,P3H2,CRTAP,0.517,negative,unknown,3,367,no
528,P3H2,COL11A1,0.596,negative,unknown,3,367,no
529,PALLD,VCL,0.469,negative,unknown,7,846.363761138853,no
530,PALLD,PRSS23,0.457,negative,unknown,7,846.363761138853,no
531,PALLD,PDLIM3,0.409,negative,unknown,7,846.363761138853,no
532,PALLD,MAX,0.503,negative,unknown,7,846.363761138853,no
533,PALLD,MSN,0.474,negative,unknown,7,846.363761138853,no
534,PALLD,LIMA1,0.565,negative,unknown,7,846.363761138853,no
535,PALLD,LPP,0.657,negative,unknown,7,846.363761138853,no
536,PALM2AKAP2,DHRS2,0.478,negative,unknown,1,0,no
537,PAX6,XBP1,0.438,negative,known,17,2467.15022820058,no
538,PAX6,FGF2,0.708,negative,known,17,2467.15022820058,no
539,PAX6,EGF,0.614,negative,known,17,2467.15022820058,no
540,PAX6,IMMP1L,0.625,negative,known,17,2467.15022820058,no
541,PAX6,ZIC3,0.401,negative,known,17,2467.15022820058,no
542,PAX6,SHH,0.829,negative,known,17,2467.15022820058,no
543,PAX6,SOX2,0.977,negative,known,17,2467.15022820058,no
544,PAX6,SOX1,0.899,negative,known,17,2467.15022820058,no
545,PAX6,FOXG1,0.865,negative,known,17,2467.15022820058,no
546,PAX6,FOXO3,0.502,negative,known,17,2467.15022820058,no
547,PAX6,VAX1,0.416,negative,known,17,2467.15022820058,no
548,PAX6,LHX2,0.576,negative,known,17,2467.15022820058,no
549,PAX6,ZIC2,0.494,negative,known,17,2467.15022820058,no
550,PAX6,GLI3,0.6,negative,known,17,2467.15022820058,no
551,PAX6,GLI2,0.535,negative,known,17,2467.15022820058,no
552,PAX6,SP8,0.6,negative,known,17,2467.15022820058,no
553,PAX6,OTX2,0.479,negative,known,17,2467.15022820058,no
554,PCDH9,COL11A1,0.413,negative,unknown,2,0,no
555,PCDH9,UNC5D,0.456,negative,unknown,2,0,no
556,PDLIM3,PALLD,0.409,negative,unknown,5,79.7693761504911,no
557,PDLIM3,ACTN3,0.446,negative,unknown,5,79.7693761504911,no
558,PDLIM3,MYL11,0.483,negative,unknown,5,79.7693761504911,no
559,PDLIM3,TPM1,0.525,negative,unknown,5,79.7693761504911,no
560,PDLIM3,CD2AP,0.568,negative,unknown,5,79.7693761504911,no
561,PERP,GJA1,0.457,negative,unknown,4,264.199301252682,no
562,PERP,INSIG1,0.401,negative,unknown,4,264.199301252682,no
563,PERP,GADD45A,0.418,negative,unknown,4,264.199301252682,no
564,PERP,DSP,0.844,negative,unknown,4,264.199301252682,no
565,PHLDA1,DUSP4,0.536,negative,unknown,2,367,no
566,PHLDA1,IER2,0.503,negative,unknown,2,367,no
567,PLK2,DBF4,0.541,negative,unknown,5,917.517627850397,no
568,PLK2,BTG2,0.416,negative,unknown,5,917.517627850397,no
569,PLK2,GADD45A,0.42,negative,unknown,5,917.517627850397,no
570,PLK2,AEN,0.429,negative,unknown,5,917.517627850397,no
571,PLK2,HOMER1,0.504,negative,unknown,5,917.517627850397,no
572,PLS1,ECT2,0.418,negative,unknown,2,24.2222518672549,no
573,PLS1,MSN,0.862,negative,unknown,2,24.2222518672549,no
574,POLH,REV3L,0.986,negative,unknown,3,1.23333333333333,no
575,POLH,SEM1,0.441,negative,unknown,3,1.23333333333333,no
576,POLH,UBC,0.908,negative,unknown,3,1.23333333333333,no
577,PRDM16,FOXG1,0.715,negative,unknown,1,0,no
578,PRDX6,HSPB1,0.581,negative,unknown,3,393.022988081993,no
579,PRDX6,AHCYL1,0.444,negative,unknown,3,393.022988081993,no
580,PRDX6,TMEM68,0.596,negative,unknown,3,393.022988081993,no
581,PRICKLE1,FJX1,0.406,negative,unknown,3,1232.03848684142,no
582,PRICKLE1,SEM1,0.436,negative,unknown,3,1232.03848684142,no
583,PRICKLE1,UBC,0.528,negative,unknown,3,1232.03848684142,no
584,PRRC1,SEC23A,0.796,negative,unknown,1,0,no
585,PRSS23,PALLD,0.457,negative,unknown,1,367,no
586,PTPRG,LRIG1,0.561,negative,unknown,1,12.1024543324466,no
587,PTTG1,FGF2,0.453,negative,unknown,6,1026.24197911333,no
588,PTTG1,DBF4,0.425,negative,unknown,6,1026.24197911333,no
589,PTTG1,ECT2,0.623,negative,unknown,6,1026.24197911333,no
590,PTTG1,GOLGA2,0.445,negative,unknown,6,1026.24197911333,no
591,PTTG1,UBC,0.527,negative,unknown,6,1026.24197911333,no
592,PTTG1,HJURP,0.708,negative,unknown,6,1026.24197911333,no
593,RAB11FIP1,RAB5A,0.506,negative,unknown,3,270.686242363366,no
594,RAB11FIP1,MSN,0.451,negative,unknown,3,270.686242363366,no
595,RAB11FIP1,RAB1A,0.666,negative,unknown,3,270.686242363366,no
596,RAB1A,BET1,0.884,negative,unknown,9,619.629574620126,no
597,RAB1A,GORASP2,0.868,negative,unknown,9,619.629574620126,no
598,RAB1A,USO1,0.99,negative,unknown,9,619.629574620126,no
599,RAB1A,RAB5A,0.519,negative,unknown,9,619.629574620126,no
600,RAB1A,SEC23A,0.463,negative,unknown,9,619.629574620126,no
601,RAB1A,RAB11FIP1,0.666,negative,unknown,9,619.629574620126,no
602,RAB1A,SURF4,0.657,negative,unknown,9,619.629574620126,no
603,RAB1A,SCFD1,0.946,negative,unknown,9,619.629574620126,no
604,RAB1A,GOLGA2,0.947,negative,unknown,9,619.629574620126,no
605,RAB5A,EHD4,0.431,negative,unknown,10,3191.41816590452,no
606,RAB5A,EGF,0.696,negative,unknown,10,3191.41816590452,no
607,RAB5A,OPTN,0.405,negative,unknown,10,3191.41816590452,no
608,RAB5A,TIAM1,0.406,negative,unknown,10,3191.41816590452,no
609,RAB5A,SOX2,0.407,negative,unknown,10,3191.41816590452,no
610,RAB5A,MSN,0.421,negative,unknown,10,3191.41816590452,no
611,RAB5A,RAB11FIP1,0.506,negative,unknown,10,3191.41816590452,no
612,RAB5A,RAB1A,0.519,negative,unknown,10,3191.41816590452,no
613,RAB5A,GOLGA2,0.62,negative,unknown,10,3191.41816590452,no
614,RAB5A,TBC1D9,0.691,negative,unknown,10,3191.41816590452,no
615,RASGEF1B,UNC5D,0.41,negative,unknown,1,0,no
616,REV3L,LIG3,0.423,negative,unknown,4,218.661056282039,no
617,REV3L,SMC5,0.487,negative,unknown,4,218.661056282039,no
618,REV3L,UBC,0.544,negative,unknown,4,218.661056282039,no
619,REV3L,POLH,0.986,negative,unknown,4,218.661056282039,no
620,RGS16,GNG11,0.518,negative,unknown,3,162.563809719243,no
621,RGS16,ADRA2B,0.504,negative,unknown,3,162.563809719243,no
622,RGS16,LPAR1,0.559,negative,unknown,3,162.563809719243,no
623,RHOU,TIAM1,0.479,negative,unknown,1,13.3135565741448,no
624,RPLP1,EIF1,0.504,negative,unknown,2,361.916666666667,no
625,RPLP1,UBC,0.648,negative,unknown,2,361.916666666667,no
626,RRBP1,VCL,0.527,negative,unknown,6,392.02274501883,no
627,RRBP1,GJA1,0.587,negative,unknown,6,392.02274501883,no
628,RRBP1,FOXG1,0.485,negative,unknown,6,392.02274501883,no
629,RRBP1,MSN,0.509,negative,unknown,6,392.02274501883,no
630,RRBP1,ATL2,0.456,negative,unknown,6,392.02274501883,no
631,RRBP1,TPM4,0.66,negative,unknown,6,392.02274501883,no
632,RTL1,BEGAIN,0.602,negative,unknown,3,40.9729982867198,no
633,RTL1,DIO3,0.791,negative,unknown,3,40.9729982867198,no
634,RTL1,SGCE,0.436,negative,unknown,3,40.9729982867198,no
635,SCFD1,BET1,0.999,negative,unknown,8,158.525822434348,no
636,SCFD1,GORASP2,0.531,negative,unknown,8,158.525822434348,no
637,SCFD1,USO1,0.97,negative,unknown,8,158.525822434348,no
638,SCFD1,ZFPL1,0.41,negative,unknown,8,158.525822434348,no
639,SCFD1,SEC23A,0.665,negative,unknown,8,158.525822434348,no
640,SCFD1,RAB1A,0.946,negative,unknown,8,158.525822434348,no
641,SCFD1,GRIA1,0.499,negative,unknown,8,158.525822434348,no
642,SCFD1,GOLGA2,0.771,negative,unknown,8,158.525822434348,no
643,SEC23A,BET1,0.816,negative,unknown,10,872.879092232439,no
644,SEC23A,GORASP2,0.5,negative,unknown,10,872.879092232439,no
645,SEC23A,USO1,0.704,negative,unknown,10,872.879092232439,no
646,SEC23A,DHCR7,0.432,negative,unknown,10,872.879092232439,no
647,SEC23A,RAB1A,0.463,negative,unknown,10,872.879092232439,no
648,SEC23A,GRIA1,0.499,negative,unknown,10,872.879092232439,no
649,SEC23A,CREB3L2,0.553,negative,unknown,10,872.879092232439,no
650,SEC23A,GOLGA2,0.612,negative,unknown,10,872.879092232439,no
651,SEC23A,SCFD1,0.665,negative,unknown,10,872.879092232439,no
652,SEC23A,PRRC1,0.796,negative,unknown,10,872.879092232439,no
653,SEM1,SHH,0.4,negative,unknown,6,184.732000025052,no
654,SEM1,PRICKLE1,0.436,negative,unknown,6,184.732000025052,no
655,SEM1,POLH,0.441,negative,unknown,6,184.732000025052,no
656,SEM1,GLI3,0.4,negative,unknown,6,184.732000025052,no
657,SEM1,GLI2,0.46,negative,unknown,6,184.732000025052,no
658,SEM1,UBC,0.808,negative,unknown,6,184.732000025052,no
659,SEMA3F,EPHA4,0.403,negative,unknown,3,107.742005461263,no
660,SEMA3F,ECT2,0.407,negative,unknown,3,107.742005461263,no
661,SEMA3F,TNC,0.468,negative,unknown,3,107.742005461263,no
662,SGCE,DMD,0.981,negative,unknown,3,756.293220936084,no
663,SGCE,BEGAIN,0.401,negative,unknown,3,756.293220936084,no
664,SGCE,RTL1,0.436,negative,unknown,3,756.293220936084,no
665,SHH,VAX2,0.422,positive,known,25,5702.13496272092,SHH
666,SHH,JAG1,0.616,positive,known,25,5702.13496272092,SHH
667,SHH,NOTCH2,0.553,positive,known,25,5702.13496272092,SHH
668,SHH,FGF2,0.749,positive,known,25,5702.13496272092,SHH
669,SHH,EGF,0.783,positive,known,25,5702.13496272092,SHH
670,SHH,BOC,0.996,positive,known,25,5702.13496272092,SHH
671,SHH,ZIC3,0.406,positive,known,25,5702.13496272092,SHH
672,SHH,SEM1,0.4,positive,known,25,5702.13496272092,SHH
673,SHH,WNT5B,0.418,positive,known,25,5702.13496272092,SHH
674,SHH,CXCL14,0.454,positive,known,25,5702.13496272092,SHH
675,SHH,VAX1,0.48,positive,known,25,5702.13496272092,SHH
676,SHH,UBC,0.522,positive,known,25,5702.13496272092,SHH
677,SHH,DHCR7,0.551,positive,known,25,5702.13496272092,SHH
678,SHH,LHX2,0.581,positive,known,25,5702.13496272092,SHH
679,SHH,SOX1,0.583,positive,known,25,5702.13496272092,SHH
680,SHH,SP8,0.608,positive,known,25,5702.13496272092,SHH
681,SHH,OTX2,0.74,positive,known,25,5702.13496272092,SHH
682,SHH,FOXG1,0.757,positive,known,25,5702.13496272092,SHH
683,SHH,SOX2,0.824,positive,known,25,5702.13496272092,SHH
684,SHH,PAX6,0.829,positive,known,25,5702.13496272092,SHH
685,SHH,ZIC2,0.864,positive,known,25,5702.13496272092,SHH
686,SHH,GLI3,0.966,positive,known,25,5702.13496272092,SHH
687,SHH,GLI2,0.975,positive,known,25,5702.13496272092,SHH
688,SHH,GAS1,0.999,positive,known,25,5702.13496272092,SHH
689,SHH,CDON,0.999,positive,known,25,5702.13496272092,SHH
690,SLC1A5,GJA1,0.485,negative,unknown,3,890.506435204432,no
691,SLC1A5,ATP1B3,0.523,negative,unknown,3,890.506435204432,no
692,SLC1A5,SLC3A2,0.894,negative,unknown,3,890.506435204432,no
693,SLC35F1,TMEM132B,0.408,negative,unknown,1,367,no
694,SLC3A2,LGALS3,0.829,negative,unknown,3,173.549804364921,no
695,SLC3A2,AARS1,0.533,negative,unknown,3,173.549804364921,no
696,SLC3A2,SLC1A5,0.894,negative,unknown,3,173.549804364921,no
697,SLC5A3,MRPS6,0.695,negative,unknown,1,0,no
698,SMC5,REV3L,0.487,negative,unknown,3,80.2872115306493,no
699,SMC5,KHDC4,0.429,negative,unknown,3,80.2872115306493,no
700,SMC5,CUL4B,0.554,negative,unknown,3,80.2872115306493,no
701,SMOC1,TOX3,0.453,negative,unknown,2,19.0842967524946,no
702,SMOC1,GLI3,0.415,negative,unknown,2,19.0842967524946,no
703,SOX1,FGF2,0.604,negative,unknown,9,963.320236029717,no
704,SOX1,EGF,0.434,negative,unknown,9,963.320236029717,no
705,SOX1,SHH,0.583,negative,unknown,9,963.320236029717,no
706,SOX1,SOX2,0.771,negative,unknown,9,963.320236029717,no
707,SOX1,ZIC2,0.403,negative,unknown,9,963.320236029717,no
708,SOX1,LHX2,0.464,negative,unknown,9,963.320236029717,no
709,SOX1,FOXG1,0.681,negative,unknown,9,963.320236029717,no
710,SOX1,OTX2,0.807,negative,unknown,9,963.320236029717,no
711,SOX1,PAX6,0.899,negative,unknown,9,963.320236029717,no
712,SOX2,ID2,0.418,negative,unknown,24,7595.93041695547,no
713,SOX2,HSPB1,0.453,negative,unknown,24,7595.93041695547,no
714,SOX2,JAG1,0.701,negative,unknown,24,7595.93041695547,no
715,SOX2,NOTCH2,0.504,negative,unknown,24,7595.93041695547,no
716,SOX2,FGF2,0.933,negative,unknown,24,7595.93041695547,no
717,SOX2,EGF,0.725,negative,unknown,24,7595.93041695547,no
718,SOX2,RAB5A,0.407,negative,unknown,24,7595.93041695547,no
719,SOX2,GJA1,0.612,negative,unknown,24,7595.93041695547,no
720,SOX2,ZIC3,0.879,negative,unknown,24,7595.93041695547,no
721,SOX2,ANXA5,0.635,negative,unknown,24,7595.93041695547,no
722,SOX2,SHH,0.824,negative,unknown,24,7595.93041695547,no
723,SOX2,ID1,0.405,negative,unknown,24,7595.93041695547,no
724,SOX2,DSP,0.411,negative,unknown,24,7595.93041695547,no
725,SOX2,TNRC6C,0.499,negative,unknown,24,7595.93041695547,no
726,SOX2,AHCYL1,0.51,negative,unknown,24,7595.93041695547,no
727,SOX2,ZIC2,0.581,negative,unknown,24,7595.93041695547,no
728,SOX2,LHX2,0.601,negative,unknown,24,7595.93041695547,no
729,SOX2,FOXO3,0.64,negative,unknown,24,7595.93041695547,no
730,SOX2,GLI2,0.694,negative,unknown,24,7595.93041695547,no
731,SOX2,GLI3,0.747,negative,unknown,24,7595.93041695547,no
732,SOX2,FOXG1,0.749,negative,unknown,24,7595.93041695547,no
733,SOX2,SOX1,0.771,negative,unknown,24,7595.93041695547,no
734,SOX2,OTX2,0.914,negative,unknown,24,7595.93041695547,no
735,SOX2,PAX6,0.977,negative,unknown,24,7595.93041695547,no
736,SP8,SHH,0.608,negative,unknown,3,0.407440476190476,no
737,SP8,LHX2,0.52,negative,unknown,3,0.407440476190476,no
738,SP8,PAX6,0.6,negative,unknown,3,0.407440476190476,no
739,SPRY1,EGF,0.612,negative,unknown,2,0,no
740,SPRY1,UBC,0.499,negative,unknown,2,0,no
741,SURF4,GORASP2,0.65,negative,unknown,2,92.8846613996247,no
742,SURF4,RAB1A,0.657,negative,unknown,2,92.8846613996247,no
743,TBC1D9,RAB5A,0.691,negative,unknown,1,367,no
744,TIAM1,RAB5A,0.406,negative,unknown,3,320.207802242927,no
745,TIAM1,TPM1,0.412,negative,unknown,3,320.207802242927,no
746,TIAM1,RHOU,0.479,negative,unknown,3,320.207802242927,no
747,TMEM132B,SLC35F1,0.408,negative,unknown,1,0,no
748,TMEM68,PRDX6,0.596,negative,unknown,1,0,no
749,TMSB10,LGALS1,0.427,negative,unknown,1,11.128420258219,no
750,TNC,SEMA3F,0.468,negative,unknown,3,98.1528186850706,no
751,TNC,LAMC1,0.447,negative,unknown,3,98.1528186850706,no
752,TNC,EGF,0.599,negative,unknown,3,98.1528186850706,no
753,TNRC6C,NOTCH2,0.555,negative,unknown,4,518.660813396104,no
754,TNRC6C,SOX2,0.499,negative,unknown,4,518.660813396104,no
755,TNRC6C,FOXO3,0.433,negative,unknown,4,518.660813396104,no
756,TNRC6C,ARL4C,0.529,negative,unknown,4,518.660813396104,no
757,TOX3,NOTCH2,0.421,negative,unknown,3,373.963194970779,no
758,TOX3,GLI3,0.429,negative,unknown,3,373.963194970779,no
759,TOX3,SMOC1,0.453,negative,unknown,3,373.963194970779,no
760,TPM1,VCL,0.957,negative,unknown,8,415.498352569718,no
761,TPM1,PDLIM3,0.525,negative,unknown,8,415.498352569718,no
762,TPM1,TIAM1,0.412,negative,unknown,8,415.498352569718,no
763,TPM1,MYL11,0.833,negative,unknown,8,415.498352569718,no
764,TPM1,ACTN3,0.681,negative,unknown,8,415.498352569718,no
765,TPM1,DMD,0.781,negative,unknown,8,415.498352569718,no
766,TPM1,MYLK,0.857,negative,unknown,8,415.498352569718,no
767,TPM1,TPM4,0.982,negative,unknown,8,415.498352569718,no
768,TPM4,VCL,0.711,negative,unknown,7,122.933795648294,no
769,TPM4,MYL11,0.748,negative,unknown,7,122.933795648294,no
770,TPM4,TPM1,0.982,negative,unknown,7,122.933795648294,no
771,TPM4,MSN,0.655,negative,unknown,7,122.933795648294,no
772,TPM4,MYLK,0.707,negative,unknown,7,122.933795648294,no
773,TPM4,DMD,0.548,negative,unknown,7,122.933795648294,no
774,TPM4,RRBP1,0.66,negative,unknown,7,122.933795648294,no
775,TRH,LGALS1,0.451,negative,unknown,2,344.765873247037,no
776,TRH,DIO3,0.83,negative,unknown,2,344.765873247037,no
777,TRIB1,BTG2,0.481,negative,unknown,1,87.2766446797132,no
778,TTC3,DHRS2,0.874,negative,unknown,1,0,no
779,UBC,HSPB1,0.573,negative,unknown,23,8346.93652208414,no
780,UBC,JAG1,0.457,negative,unknown,23,8346.93652208414,no
781,UBC,NOTCH2,0.536,negative,unknown,23,8346.93652208414,no
782,UBC,FGF2,0.747,negative,unknown,23,8346.93652208414,no
783,UBC,EGF,0.696,negative,unknown,23,8346.93652208414,no
784,UBC,LRIG1,0.517,negative,unknown,23,8346.93652208414,no
785,UBC,NRG1,0.538,negative,unknown,23,8346.93652208414,no
786,UBC,SHH,0.522,negative,unknown,23,8346.93652208414,no
787,UBC,PRICKLE1,0.528,negative,unknown,23,8346.93652208414,no
788,UBC,RPLP1,0.648,negative,unknown,23,8346.93652208414,no
789,UBC,REV3L,0.544,negative,unknown,23,8346.93652208414,no
790,UBC,CD2AP,0.947,negative,unknown,23,8346.93652208414,no
791,UBC,POLH,0.908,negative,unknown,23,8346.93652208414,no
792,UBC,LIG3,0.449,negative,unknown,23,8346.93652208414,no
793,UBC,OPTN,0.996,negative,unknown,23,8346.93652208414,no
794,UBC,LGR4,0.519,negative,unknown,23,8346.93652208414,no
795,UBC,PTTG1,0.527,negative,unknown,23,8346.93652208414,no
796,UBC,GLI3,0.529,negative,unknown,23,8346.93652208414,no
797,UBC,CUL4B,0.611,negative,unknown,23,8346.93652208414,no
798,UBC,GLI2,0.529,negative,unknown,23,8346.93652208414,no
799,UBC,EIF1,0.774,negative,unknown,23,8346.93652208414,no
800,UBC,SPRY1,0.499,negative,unknown,23,8346.93652208414,no
801,UBC,SEM1,0.808,negative,unknown,23,8346.93652208414,no
802,UNC5D,RASGEF1B,0.41,negative,unknown,5,577.961400569971,no
803,UNC5D,COL11A1,0.414,negative,unknown,5,577.961400569971,no
804,UNC5D,LHX2,0.464,negative,unknown,5,577.961400569971,no
805,UNC5D,PCDH9,0.456,negative,unknown,5,577.961400569971,no
806,UNC5D,GABRA5,0.403,negative,unknown,5,577.961400569971,no
807,USO1,BET1,0.982,negative,unknown,7,29.5322488807846,no
808,USO1,GORASP2,0.732,negative,unknown,7,29.5322488807846,no
809,USO1,GRIA1,0.499,negative,unknown,7,29.5322488807846,no
810,USO1,SEC23A,0.704,negative,unknown,7,29.5322488807846,no
811,USO1,SCFD1,0.97,negative,unknown,7,29.5322488807846,no
812,USO1,RAB1A,0.99,negative,unknown,7,29.5322488807846,no
813,USO1,GOLGA2,0.997,negative,unknown,7,29.5322488807846,no
814,VAX1,ARHGAP29,0.505,negative,unknown,5,367,no
815,VAX1,SHH,0.48,negative,unknown,5,367,no
816,VAX1,FOXG1,0.402,negative,unknown,5,367,no
817,VAX1,PAX6,0.416,negative,unknown,5,367,no
818,VAX1,LHX2,0.47,negative,unknown,5,367,no
819,VAX2,SHH,0.422,negative,unknown,3,580.509719144388,no
820,VAX2,LHX2,0.449,negative,unknown,3,580.509719144388,no
821,VAX2,ATP6V1B1,0.478,negative,unknown,3,580.509719144388,no
822,VCL,HSPB1,0.447,negative,unknown,20,3222.71824893349,no
823,VCL,FGF2,0.455,negative,unknown,20,3222.71824893349,no
824,VCL,PALLD,0.469,negative,unknown,20,3222.71824893349,no
825,VCL,RRBP1,0.527,negative,unknown,20,3222.71824893349,no
826,VCL,ACTN3,0.536,negative,unknown,20,3222.71824893349,no
827,VCL,MYL11,0.571,negative,unknown,20,3222.71824893349,no
828,VCL,CDH11,0.603,negative,unknown,20,3222.71824893349,no
829,VCL,EGF,0.616,negative,unknown,20,3222.71824893349,no
830,VCL,LPP,0.631,negative,unknown,20,3222.71824893349,no
831,VCL,CNN3,0.644,negative,unknown,20,3222.71824893349,no
832,VCL,DSP,0.655,negative,unknown,20,3222.71824893349,no
833,VCL,ANXA5,0.685,negative,unknown,20,3222.71824893349,no
834,VCL,TPM4,0.711,negative,unknown,20,3222.71824893349,no
835,VCL,LIMA1,0.773,negative,unknown,20,3222.71824893349,no
836,VCL,GJA1,0.795,negative,unknown,20,3222.71824893349,no
837,VCL,MYLK,0.814,negative,unknown,20,3222.71824893349,no
838,VCL,FERMT2,0.896,negative,unknown,20,3222.71824893349,no
839,VCL,DMD,0.94,negative,unknown,20,3222.71824893349,no
840,VCL,MSN,0.951,negative,unknown,20,3222.71824893349,no
841,VCL,TPM1,0.957,negative,unknown,20,3222.71824893349,no
842,WHAMM,GOLGA2,0.764,negative,unknown,1,0,no
843,WNT5B,SHH,0.418,negative,unknown,1,26.450866314399,no
844,XBP1,FOXO3,0.423,negative,unknown,7,2017.12230406844,no
845,XBP1,AARS1,0.432,negative,unknown,7,2017.12230406844,no
846,XBP1,PAX6,0.438,negative,unknown,7,2017.12230406844,no
847,XBP1,CREB3L2,0.495,negative,unknown,7,2017.12230406844,no
848,XBP1,ANXA5,0.539,negative,unknown,7,2017.12230406844,no
849,XBP1,BCL2L11,0.689,negative,unknown,7,2017.12230406844,no
850,XBP1,HERPUD1,0.823,negative,unknown,7,2017.12230406844,no
851,ZFPL1,SCFD1,0.41,negative,unknown,2,0,no
852,ZFPL1,GOLGA2,0.608,negative,unknown,2,0,no
853,ZIC2,ZIC5,0.721,negative,known,12,422.846147130603,no
854,ZIC2,SHH,0.864,negative,known,12,422.846147130603,no
855,ZIC2,GAS1,0.727,negative,known,12,422.846147130603,no
856,ZIC2,SOX2,0.581,negative,known,12,422.846147130603,no
857,ZIC2,SOX1,0.403,negative,known,12,422.846147130603,no
858,ZIC2,LHX2,0.445,negative,known,12,422.846147130603,no
859,ZIC2,FBN2,0.404,negative,known,12,422.846147130603,no
860,ZIC2,CDON,0.464,negative,known,12,422.846147130603,no
861,ZIC2,PAX6,0.494,negative,known,12,422.846147130603,no
862,ZIC2,GLI2,0.495,negative,known,12,422.846147130603,no
863,ZIC2,GLI3,0.625,negative,known,12,422.846147130603,no
864,ZIC2,OTX2,0.684,negative,known,12,422.846147130603,no
865,ZIC3,NOTCH2,0.44,negative,unknown,9,206.849861436332,no
866,ZIC3,ZIC5,0.442,negative,unknown,9,206.849861436332,no
867,ZIC3,GJA1,0.765,negative,unknown,9,206.849861436332,no
868,ZIC3,PAX6,0.401,negative,unknown,9,206.849861436332,no
869,ZIC3,SHH,0.406,negative,unknown,9,206.849861436332,no
870,ZIC3,GLI2,0.49,negative,unknown,9,206.849861436332,no
871,ZIC3,OTX2,0.685,negative,unknown,9,206.849861436332,no
872,ZIC3,GLI3,0.819,negative,unknown,9,206.849861436332,no
873,ZIC3,SOX2,0.879,negative,unknown,9,206.849861436332,no
874,ZIC5,ZIC3,0.442,negative,unknown,3,0.390873015873016,no
875,ZIC5,OTX2,0.501,negative,unknown,3,0.390873015873016,no
876,ZIC5,ZIC2,0.721,negative,unknown,3,0.390873015873016,no
877,ZNF385B,FEZF1,0.458,negative,unknown,1,8.49983290753861,no
878,ZNF521,GLI2,0.603,negative,unknown,1,0,no
