,gene,day_04_02,day_06_04,day_08_06,day_10_08,day_12_10,day_12_06,day_06_02
1,NDUFAF7,DOWN,no,no,no,no,no,DOWN
2,THSD7A,DOWN,no,no,no,no,UP,DOWN
3,PAX6,UP,no,no,no,no,no,UP
4,MYLIP,DOWN,no,no,no,no,UP,DOWN
5,E2F2,UP,no,no,no,no,no,no
6,MLXIPL,DOWN,DOWN,no,no,no,no,DOWN
7,CD9,DOWN,DOWN,no,no,no,no,DOWN
8,SYT7,DOWN,DOWN,no,no,no,no,DOWN
9,MAMLD1,DOWN,no,no,no,no,no,DOWN
10,CAPN1,DOWN,no,no,no,no,no,DOWN
11,CNTN1,DOWN,no,no,no,no,no,DOWN
12,ATP1A2,DOWN,DOWN,no,no,no,DOWN,DOWN
13,PLEKHB1,UP,no,no,no,no,no,UP
14,VIM,UP,no,no,no,no,no,UP
15,ANK1,DOWN,no,no,no,no,no,DOWN
16,CDH1,DOWN,DOWN,DOWN,no,no,DOWN,DOWN
17,DNAH5,UP,UP,no,no,no,no,UP
18,TNC,UP,no,DOWN,no,no,DOWN,UP
19,JADE2,DOWN,no,no,no,no,no,DOWN
20,ZIC2,DOWN,no,DOWN,no,no,DOWN,DOWN
21,GUCA1A,DOWN,no,no,no,no,no,DOWN
22,KITLG,DOWN,UP,no,no,no,UP,no
23,PLEKHA5,UP,no,no,no,no,no,UP
24,HHAT,UP,no,no,no,no,no,UP
25,MCOLN3,DOWN,DOWN,no,no,no,no,DOWN
26,LAMC2,DOWN,no,no,no,no,no,DOWN
27,WNT8A,DOWN,no,no,no,no,no,DOWN
28,CDH3,DOWN,no,no,no,no,no,DOWN
29,TFE3,DOWN,no,no,no,no,no,DOWN
30,RASGRP2,DOWN,no,no,no,no,no,DOWN
31,PYGM,DOWN,no,no,no,no,no,DOWN
32,GAL,DOWN,no,no,no,no,no,DOWN
33,FGF10,UP,UP,no,no,no,DOWN,UP
34,EPHA8,DOWN,no,no,no,no,no,DOWN
35,VASH1,UP,no,no,no,no,UP,UP
36,WSCD2,DOWN,DOWN,no,no,no,no,DOWN
37,PLXNA2,UP,no,no,no,no,no,UP
38,GPC4,DOWN,no,no,no,no,no,DOWN
39,MBNL3,DOWN,no,no,no,no,no,DOWN
40,NMRK2,DOWN,no,no,no,no,no,DOWN
41,CAPN6,UP,UP,no,no,no,DOWN,UP
42,DCX,UP,no,no,no,no,no,UP
43,ADCY2,DOWN,no,no,no,no,no,DOWN
44,EDN1,DOWN,no,no,no,DOWN,no,DOWN
45,ITM2A,DOWN,no,no,no,no,UP,DOWN
46,BRINP1,DOWN,no,no,no,no,no,DOWN
47,RUNX1T1,DOWN,no,no,no,UP,UP,DOWN
48,PGM1,DOWN,no,no,no,no,no,no
49,SMARCA2,DOWN,no,no,no,no,no,DOWN
50,KCNN2,DOWN,no,no,no,no,no,DOWN
51,LRP2,UP,UP,no,no,no,no,UP
52,GRHL2,DOWN,no,no,no,no,no,DOWN
53,COL16A1,DOWN,no,no,no,no,no,DOWN
54,MGST2,DOWN,no,no,no,no,no,DOWN
55,NOX4,UP,no,no,no,no,no,UP
56,MMP2,UP,no,no,no,no,no,UP
57,TFAP2C,DOWN,no,no,no,no,DOWN,DOWN
58,DNMT3B,DOWN,DOWN,no,no,no,DOWN,DOWN
59,SLC4A11,UP,no,no,no,no,no,UP
60,TBX5,UP,no,no,no,no,DOWN,no
61,P3H2,DOWN,no,no,no,no,no,DOWN
62,CHRD,UP,no,no,no,no,DOWN,UP
63,EFNB1,UP,no,no,no,no,no,UP
64,NRCAM,UP,no,no,no,no,no,UP
65,ZFHX4,UP,no,no,no,no,no,UP
66,DAZL,DOWN,DOWN,no,no,no,no,DOWN
67,EZR,DOWN,no,no,no,no,no,DOWN
68,MACROH2A2,UP,no,no,no,no,no,UP
69,CABP7,DOWN,no,no,no,no,no,DOWN
70,GALNT16,UP,no,no,no,no,no,UP
71,PAPLN,DOWN,no,no,no,no,DOWN,DOWN
72,DOK5,DOWN,no,no,no,no,no,DOWN
73,HRH3,DOWN,no,no,no,no,no,DOWN
74,BIRC7,DOWN,no,no,no,no,no,DOWN
75,CHRNA4,DOWN,no,no,no,no,no,DOWN
76,SYNDIG1,DOWN,no,no,no,no,UP,no
77,PIM2,DOWN,DOWN,no,no,no,no,DOWN
78,PCDH11X,DOWN,no,no,no,no,no,DOWN
79,FGF9,UP,no,no,no,no,DOWN,UP
80,FLT1,DOWN,no,no,no,no,no,DOWN
81,MMP15,DOWN,no,no,no,no,no,DOWN
82,SLC7A5,DOWN,no,UP,no,no,no,DOWN
83,METRN,UP,no,no,no,no,no,UP
84,CRYM,DOWN,no,no,no,no,no,DOWN
85,SYT17,UP,no,no,no,no,DOWN,UP
86,LACTB,DOWN,no,no,no,no,no,DOWN
87,SCG3,DOWN,DOWN,no,no,no,no,DOWN
88,RHOV,DOWN,no,no,no,no,no,DOWN
89,PLAT,DOWN,no,no,no,no,no,no
90,ESRP1,DOWN,DOWN,no,no,no,DOWN,DOWN
91,TRPS1,DOWN,no,no,no,no,UP,no
92,NCALD,UP,UP,no,no,no,no,UP
93,TLE6,UP,no,no,no,no,no,UP
94,DYRK1B,UP,no,no,no,no,no,UP
95,HPN,DOWN,no,no,no,no,no,DOWN
96,PTN,UP,no,no,no,no,no,UP
97,RNF32,UP,no,no,no,no,no,UP
98,COBL,DOWN,no,no,no,no,no,DOWN
99,PPP1R17,DOWN,no,no,no,no,no,DOWN
100,C1GALT1,DOWN,no,no,no,no,no,DOWN
101,RARRES2,DOWN,DOWN,no,no,no,no,DOWN
102,LHX2,UP,no,no,no,no,no,UP
103,TLE4,UP,no,no,no,no,no,UP
104,ELAVL2,UP,no,no,no,no,no,no
105,GLIS3,UP,no,no,no,no,no,UP
106,HPS1,DOWN,no,no,no,no,no,DOWN
107,CXCL12,DOWN,no,no,no,no,UP,DOWN
108,DKK1,UP,no,no,no,no,DOWN,UP
109,RAI1,UP,no,no,no,no,no,UP
110,FAM20A,DOWN,no,no,no,no,no,DOWN
111,MAPK10,UP,no,no,no,no,no,UP
112,GALNT7,DOWN,no,no,no,no,no,no
113,GLRB,UP,no,no,no,no,no,UP
114,CTSC,DOWN,no,no,no,no,no,DOWN
115,ZBTB16,UP,UP,no,no,no,no,UP
116,SC5D,DOWN,no,no,no,no,no,DOWN
117,ASIC1,UP,no,no,no,no,no,UP
118,SCNN1A,DOWN,DOWN,no,no,no,no,DOWN
119,PHC1,DOWN,no,no,no,no,no,DOWN
120,RFX4,UP,UP,no,no,no,UP,UP
121,RSPH4A,UP,no,no,no,no,no,UP
122,GCNT2,DOWN,no,no,no,no,DOWN,DOWN
123,SASH1,DOWN,no,no,no,no,no,DOWN
124,SOBP,UP,no,no,no,no,no,UP
125,C6orf118,UP,no,no,no,no,UP,UP
126,SMOC2,DOWN,no,no,no,no,no,DOWN
127,THBS4,UP,no,no,no,no,no,UP
128,POLR3G,DOWN,DOWN,no,no,no,no,DOWN
129,TARS1,DOWN,no,no,no,no,no,DOWN
130,WWC1,DOWN,no,no,no,no,no,DOWN
131,STC2,DOWN,no,no,no,no,no,DOWN
132,AMOTL2,UP,UP,no,no,no,no,UP
133,FAM162A,DOWN,no,no,no,no,no,DOWN
134,KAT2B,UP,no,no,no,no,no,UP
135,HES1,UP,no,no,no,no,no,UP
136,CFAP92,UP,no,no,no,no,no,UP
137,TNNC1,UP,no,no,no,no,no,UP
138,STEAP3,DOWN,no,no,no,no,no,DOWN
139,GALNT3,DOWN,no,no,no,no,no,DOWN
140,IGFBP2,DOWN,no,no,no,no,no,DOWN
141,EFHD1,UP,no,no,no,no,no,UP
142,ID2,DOWN,DOWN,no,no,no,no,DOWN
143,CEBPZ,DOWN,no,no,no,no,no,DOWN
144,QPCT,UP,no,no,no,no,DOWN,UP
145,SLC25A12,DOWN,no,no,no,no,no,no
146,PLCL1,UP,UP,no,no,no,no,UP
147,EPHA4,UP,no,no,no,no,no,UP
148,FBXO2,DOWN,DOWN,no,no,no,no,DOWN
149,OLFML3,DOWN,no,no,no,no,no,DOWN
150,RGS4,UP,UP,no,no,no,no,UP
151,ID3,UP,no,no,no,no,no,UP
152,PIK3R3,UP,no,no,no,no,no,UP
153,FAAH,DOWN,no,no,no,no,no,no
154,IRF6,DOWN,no,no,no,no,no,DOWN
155,MTARC2,DOWN,no,no,no,no,UP,DOWN
156,NRP2,DOWN,DOWN,no,no,no,no,DOWN
157,PLAGL1,UP,no,no,no,no,no,UP
158,CCN2,UP,UP,no,no,no,no,UP
159,BSPRY,DOWN,no,no,no,no,no,DOWN
160,NR4A3,UP,UP,no,no,no,no,UP
161,BCL11A,DOWN,no,no,no,no,no,DOWN
162,EPCAM,DOWN,DOWN,no,no,no,DOWN,DOWN
163,EGR1,UP,no,no,no,no,no,no
164,TNFRSF8,DOWN,no,no,no,no,no,DOWN
165,AKAP1,DOWN,no,no,no,no,no,DOWN
166,LRAT,DOWN,no,no,no,no,DOWN,DOWN
167,PDZRN3,UP,UP,no,no,no,no,UP
168,LHX4,DOWN,no,no,no,no,no,DOWN
169,DPPA4,DOWN,no,no,no,no,no,DOWN
170,CPXM2,DOWN,no,no,no,no,no,DOWN
171,ARL4A,UP,UP,no,no,no,no,UP
172,TWIST1,UP,no,no,no,UP,UP,UP
173,GLIPR2,DOWN,no,no,no,no,no,DOWN
174,TRIM24,DOWN,no,no,no,no,no,DOWN
175,ITPR2,DOWN,no,no,no,no,no,DOWN
176,NFE2,DOWN,no,no,no,no,no,DOWN
177,RAB9B,UP,no,no,no,no,no,UP
178,METTL8,DOWN,no,no,no,no,no,DOWN
179,LPGAT1,DOWN,no,no,no,no,UP,DOWN
180,MXD4,UP,no,no,no,no,no,UP
181,SLPI,DOWN,no,no,no,no,no,DOWN
182,SNAI1,DOWN,no,no,no,no,no,DOWN
183,GRM4,DOWN,no,no,no,no,no,DOWN
184,SOX4,UP,no,no,no,no,no,UP
185,RUNX2,UP,UP,no,no,no,no,UP
186,RAB17,DOWN,no,no,no,no,no,DOWN
187,C3,DOWN,DOWN,no,no,no,no,DOWN
188,FOXA2,UP,no,no,no,no,no,UP
189,NKX2-2,UP,no,no,no,no,no,UP
190,OVOL2,DOWN,no,no,no,no,no,DOWN
191,ZNF436,UP,no,no,no,no,no,UP
192,AMOT,UP,no,no,no,no,no,UP
193,HSPA2,DOWN,no,no,no,no,no,DOWN
194,HIVEP3,UP,no,no,no,no,no,UP
195,FGFRL1,UP,no,no,no,no,no,UP
196,VIL1,DOWN,no,no,no,no,no,DOWN
197,MGAT3,UP,no,no,no,no,no,UP
198,PODXL,DOWN,no,no,no,no,no,DOWN
199,LRRC4,UP,UP,no,no,no,no,UP
200,CCDC136,UP,no,no,no,no,no,UP
201,ARHGAP22,DOWN,no,no,no,no,no,DOWN
202,CGNL1,DOWN,no,no,no,no,no,DOWN
203,PALLD,UP,no,no,no,no,no,UP
204,AP1M2,DOWN,DOWN,no,no,no,no,DOWN
205,AJUBA,UP,UP,no,no,no,no,UP
206,FOXA1,UP,UP,no,no,no,UP,UP
207,CDO1,UP,no,no,no,no,no,UP
208,GDPD2,DOWN,no,no,no,no,UP,DOWN
209,ZSCAN10,DOWN,DOWN,no,no,no,DOWN,DOWN
210,APOE,DOWN,no,no,no,no,no,DOWN
211,GADD45G,DOWN,no,no,no,no,UP,DOWN
212,UNC13A,DOWN,DOWN,no,no,no,no,DOWN
213,SMPDL3B,DOWN,no,no,no,no,no,DOWN
214,LRRC4B,UP,no,no,no,no,no,UP
215,GFPT2,DOWN,no,no,no,no,no,DOWN
216,ANO1,DOWN,no,no,no,no,no,DOWN
217,PPP1R1B,DOWN,no,no,no,no,no,DOWN
218,LGALS3,DOWN,no,no,no,no,no,DOWN
219,TRIM22,DOWN,DOWN,no,no,no,no,DOWN
220,PCBD2,DOWN,no,no,no,no,no,DOWN
221,LGR6,UP,no,no,DOWN,no,DOWN,no
222,STOML3,UP,no,no,no,no,DOWN,UP
223,C1QTNF6,UP,no,no,no,no,no,UP
224,FAM83F,DOWN,no,no,no,no,no,DOWN
225,BTG1,UP,no,no,no,no,no,UP
226,TMTC1,DOWN,no,no,no,no,no,DOWN
227,GSC,UP,no,no,no,no,no,UP
228,VRTN,DOWN,no,DOWN,no,no,DOWN,DOWN
229,TTC9,DOWN,no,no,no,no,no,DOWN
230,SYT6,DOWN,DOWN,no,no,no,DOWN,DOWN
231,TMEM106C,UP,no,no,no,no,no,UP
232,MYCN,DOWN,DOWN,no,no,no,no,DOWN
233,RAX,UP,no,no,no,no,DOWN,UP
234,CABLES1,DOWN,no,no,no,no,no,DOWN
235,SOX5,UP,UP,no,no,no,no,UP
236,SOX3,UP,no,no,no,no,DOWN,UP
237,FHOD3,UP,no,no,no,no,DOWN,UP
238,APLNR,UP,no,no,no,no,no,no
239,ADAMTS8,DOWN,no,no,no,no,no,no
240,OSTF1,DOWN,no,no,no,no,no,DOWN
241,HRK,DOWN,DOWN,no,no,no,no,DOWN
242,EPHA7,UP,UP,no,no,no,no,UP
243,KRT7,DOWN,no,no,no,no,no,DOWN
244,MAP7,DOWN,DOWN,no,no,no,DOWN,DOWN
245,HEY2,DOWN,no,no,no,no,no,DOWN
246,KCNK1,DOWN,DOWN,no,no,no,no,DOWN
247,NPL,UP,no,no,no,no,no,UP
248,CYP27A1,DOWN,no,no,no,no,UP,DOWN
249,ALDH1L2,DOWN,no,no,no,no,no,DOWN
250,PCDH8,DOWN,no,no,no,no,no,DOWN
251,CNMD,DOWN,no,no,no,no,no,DOWN
252,NKX2-8,UP,no,no,no,no,DOWN,UP
253,NKX2-1,UP,UP,no,no,no,no,UP
254,ADAMTS7,UP,no,no,no,no,no,UP
255,ERMN,UP,UP,DOWN,no,no,DOWN,UP
256,SCN7A,UP,no,no,no,no,no,UP
257,ODF2,UP,no,no,no,no,no,UP
258,CTSV,DOWN,no,no,no,no,no,DOWN
259,RNF144B,DOWN,no,no,no,no,no,DOWN
260,FHDC1,DOWN,no,no,no,no,DOWN,DOWN
261,SMAD6,UP,no,no,no,no,no,UP
262,BCAR3,UP,no,no,no,no,no,UP
263,SIX3,UP,no,no,no,no,no,UP
264,PLCE1,UP,no,no,no,no,UP,UP
265,SHF,UP,no,no,no,no,no,UP
266,HCN4,DOWN,no,no,no,no,no,DOWN
267,HERC6,DOWN,no,no,no,no,no,DOWN
268,RASGEF1B,UP,UP,no,no,no,no,UP
269,FBN2,UP,UP,no,no,no,no,UP
270,SLC38A4,UP,UP,no,no,no,UP,UP
271,COL2A1,UP,UP,no,no,no,UP,UP
272,LRIG3,UP,UP,no,no,no,no,UP
273,PHLDA1,DOWN,DOWN,no,no,no,no,DOWN
274,DUSP6,UP,no,no,no,no,no,UP
275,FAM222A,UP,no,no,no,no,no,UP
276,MAP3K12,DOWN,no,no,no,no,no,DOWN
277,ZIC5,DOWN,no,no,no,no,no,DOWN
278,KCNH5,UP,no,no,no,no,no,no
279,HAPLN3,DOWN,no,no,no,no,no,no
280,MFGE8,DOWN,no,no,no,no,no,DOWN
281,MARVELD3,DOWN,DOWN,no,no,no,DOWN,DOWN
282,TOB1,DOWN,no,no,no,no,no,DOWN
283,RHBDL3,DOWN,DOWN,no,no,no,no,DOWN
284,CCDC40,UP,no,no,no,no,no,UP
285,ARK2C,UP,no,no,no,no,no,UP
286,PMAIP1,DOWN,no,no,no,no,no,DOWN
287,GRB7,DOWN,DOWN,no,no,no,no,DOWN
288,PLPP2,DOWN,no,no,no,no,no,DOWN
289,COL6A1,DOWN,no,no,no,no,no,DOWN
290,EPHA2,UP,no,no,no,no,no,UP
291,ILDR2,UP,UP,no,no,no,no,UP
292,RGL1,UP,UP,no,no,no,no,UP
293,CGN,DOWN,no,no,no,no,no,no
294,DYRK3,UP,no,no,no,no,no,UP
295,VASH2,DOWN,no,no,no,no,no,DOWN
296,LYST,UP,no,no,no,no,no,UP
297,PLEKHA6,UP,no,no,no,no,no,UP
298,FBLN7,UP,no,no,no,no,no,UP
299,NXPH2,UP,UP,no,no,no,no,UP
300,LRIG1,DOWN,no,no,no,no,no,DOWN
301,TAGLN3,UP,no,no,no,no,no,UP
302,SCD5,UP,UP,no,no,no,no,UP
303,LIX1,UP,no,no,no,DOWN,DOWN,UP
304,MEGF10,DOWN,no,no,no,no,no,DOWN
305,ADAMTS19,DOWN,no,no,no,no,DOWN,DOWN
306,VWDE,DOWN,no,no,no,no,DOWN,DOWN
307,IGFBP3,DOWN,no,no,no,no,no,no
308,EPHA1,DOWN,DOWN,no,no,no,no,DOWN
309,SYTL5,UP,no,no,no,no,UP,UP
310,GPC3,UP,UP,no,no,no,no,UP
311,TERF1,DOWN,no,no,no,no,no,DOWN
312,MAL2,DOWN,no,no,no,no,no,DOWN
313,NFIB,DOWN,DOWN,no,no,no,no,DOWN
314,CDKN2A,UP,no,no,no,no,DOWN,UP
315,SHC3,UP,no,no,no,no,no,UP
316,STOM,UP,no,no,no,no,no,UP
317,CRB2,UP,no,no,no,no,UP,UP
318,HMCN2,DOWN,DOWN,no,no,no,no,DOWN
319,CACNA1B,DOWN,no,no,no,no,no,DOWN
320,ZEB1,UP,no,no,no,no,no,UP
321,ANKRD1,UP,UP,no,no,no,no,UP
322,LRRC27,UP,UP,no,no,no,no,UP
323,ZC3H12C,UP,no,no,no,no,no,UP
324,ST14,DOWN,DOWN,no,no,no,no,DOWN
325,ARID5B,UP,no,no,no,no,no,UP
326,ADGRL3,UP,UP,no,no,no,no,UP
327,ADRA2A,DOWN,no,no,no,no,no,DOWN
328,PRSS23,UP,no,no,no,no,no,UP
329,FOXO1,DOWN,no,no,no,no,no,no
330,CACNA2D4,UP,no,no,no,no,no,no
331,THRB,DOWN,no,no,no,no,UP,no
332,ME3,UP,no,no,no,no,no,UP
333,GFRA1,UP,no,no,no,no,no,UP
334,BEND6,DOWN,no,no,no,no,no,DOWN
335,RABGAP1L,DOWN,no,no,no,no,no,DOWN
336,HSPB8,DOWN,no,no,no,no,no,DOWN
337,GRID2,DOWN,no,no,no,no,no,DOWN
338,SPOCK1,UP,no,UP,no,no,no,UP
339,SPEF2,UP,no,no,no,no,no,UP
340,BMP3,UP,UP,no,no,no,no,UP
341,HHEX,DOWN,no,no,no,no,no,DOWN
342,DAB2,UP,UP,no,no,no,no,UP
343,ACOXL,DOWN,DOWN,no,no,no,DOWN,DOWN
344,CLGN,UP,no,no,no,no,no,UP
345,FEZF2,UP,UP,no,no,no,no,UP
346,LGI4,DOWN,no,no,no,no,UP,DOWN
347,CACNA2D1,DOWN,DOWN,no,no,no,no,DOWN
348,ABCA5,UP,no,no,no,no,no,UP
349,SH3RF1,UP,no,no,no,no,no,UP
350,SLFN13,DOWN,no,no,no,no,no,DOWN
351,USP43,DOWN,no,no,no,no,no,DOWN
352,PPM1J,DOWN,no,no,no,no,no,DOWN
353,SLC16A1,DOWN,no,no,no,no,no,DOWN
354,CD109,DOWN,no,no,no,no,no,DOWN
355,ZIC3,DOWN,DOWN,no,no,no,DOWN,DOWN
356,B3GNT7,DOWN,no,no,no,no,no,DOWN
357,NMNAT2,DOWN,no,no,no,no,no,DOWN
358,NRG1,UP,no,no,no,no,no,UP
359,STEAP2,DOWN,no,no,no,no,no,DOWN
360,TSPAN18,UP,no,no,no,no,no,UP
361,MX1,DOWN,no,no,no,no,no,DOWN
362,DPYSL5,UP,no,no,no,no,no,UP
363,TMSB15A,UP,no,no,no,no,no,UP
364,TENT5B,DOWN,DOWN,no,no,no,no,DOWN
365,AUTS2,DOWN,no,no,no,no,no,DOWN
366,CFAP298,DOWN,no,no,no,no,no,DOWN
367,LAD1,DOWN,no,no,no,no,no,DOWN
368,STC1,DOWN,no,no,no,no,no,DOWN
369,TNNI1,DOWN,no,no,no,no,UP,no
370,BTG2,UP,no,no,no,no,no,UP
371,HK2,DOWN,no,no,no,no,no,DOWN
372,GNE,UP,no,no,no,no,no,UP
373,ABCG1,DOWN,no,no,no,no,no,DOWN
374,TFF3,UP,no,no,no,no,no,UP
375,RSPH1,UP,no,no,no,no,no,UP
376,GPSM1,UP,no,no,no,no,no,UP
377,BICDL2,DOWN,no,no,no,no,no,DOWN
378,FGF19,DOWN,no,no,no,no,no,DOWN
379,AK4,DOWN,no,no,no,no,no,no
380,DHRS3,DOWN,no,no,no,no,no,DOWN
381,MATN1,DOWN,no,no,no,no,no,DOWN
382,TMCO4,DOWN,no,no,no,no,no,no
383,IGSF8,DOWN,no,no,no,no,no,DOWN
384,OLFML2B,DOWN,no,no,no,no,UP,DOWN
385,FLVCR1,DOWN,no,no,no,no,no,DOWN
386,ACP6,UP,no,no,no,no,no,no
387,KLHDC8A,UP,no,no,no,no,no,UP
388,FRZB,UP,no,no,no,no,no,UP
389,VSNL1,DOWN,no,no,no,no,no,DOWN
390,BNIPL,DOWN,no,no,no,no,no,DOWN
391,FZD5,UP,no,no,no,no,no,UP
392,ANTXR2,UP,no,no,no,no,no,UP
393,ELF3,DOWN,no,no,no,no,no,DOWN
394,PTPN13,UP,no,no,no,no,no,UP
395,PPM1K,DOWN,no,no,no,no,no,DOWN
396,PTX3,UP,no,no,no,no,no,UP
397,ABHD6,UP,no,no,no,no,no,UP
398,PCOLCE2,DOWN,DOWN,no,no,no,DOWN,DOWN
399,CXCL5,DOWN,no,no,no,no,no,no
400,CDCP1,DOWN,DOWN,no,no,no,no,DOWN
401,LRRC2,DOWN,no,no,no,no,no,DOWN
402,KLF15,DOWN,no,no,no,no,no,DOWN
403,TMEM144,DOWN,no,no,no,no,no,DOWN
404,SCGB3A2,DOWN,DOWN,no,no,no,no,DOWN
405,KLKB1,DOWN,no,no,no,no,no,DOWN
406,FABP7,UP,UP,UP,no,no,no,UP
407,MYOZ3,DOWN,no,no,no,no,no,DOWN
408,HEY1,UP,no,no,no,no,no,UP
409,SHH,UP,UP,no,no,no,no,UP
410,FREM1,UP,no,no,no,no,DOWN,UP
411,MYORG,DOWN,no,no,no,no,no,no
412,SHOC1,UP,no,no,no,no,no,UP
413,PTCHD1,DOWN,no,no,no,no,no,DOWN
414,PCDH19,UP,UP,no,no,no,no,UP
415,ATP7A,UP,no,no,no,no,no,UP
416,COMTD1,DOWN,DOWN,no,no,no,no,DOWN
417,ZNF503,UP,UP,no,no,no,no,UP
418,STOX1,UP,UP,no,no,no,no,UP
419,ZNF219,UP,no,no,no,no,no,UP
420,ARHGAP42,DOWN,no,no,no,no,no,DOWN
421,LARGE2,DOWN,DOWN,no,no,no,no,DOWN
422,PACSIN3,DOWN,no,no,no,no,UP,DOWN
423,GLB1L3,DOWN,no,no,no,no,no,DOWN
424,SPINT1,DOWN,DOWN,no,no,no,DOWN,DOWN
425,FBN1,UP,no,no,no,no,no,UP
426,GABRB3,DOWN,DOWN,no,no,no,no,DOWN
427,CYB5A,DOWN,no,no,no,no,no,DOWN
428,PRTG,UP,no,no,no,no,no,UP
429,NNMT,UP,no,no,no,no,no,UP
430,SCG5,UP,no,no,no,no,DOWN,UP
431,MAP1A,UP,no,no,no,no,UP,UP
432,CERCAM,UP,no,no,no,no,no,UP
433,MYO5B,DOWN,no,no,no,no,no,DOWN
434,CYP2S1,DOWN,no,no,no,no,DOWN,DOWN
435,PLAAT5,DOWN,no,no,no,no,no,DOWN
436,NAALADL1,DOWN,DOWN,no,no,no,no,DOWN
437,SCARA3,UP,no,no,no,no,no,no
438,SCARA5,UP,no,no,no,no,no,UP
439,DDIT4,DOWN,no,no,no,no,no,DOWN
440,FAM107A,UP,no,no,no,no,no,UP
441,PPIC,DOWN,no,no,no,no,UP,DOWN
442,CHST14,UP,no,no,no,no,no,UP
443,EFNA1,DOWN,no,no,no,no,UP,no
444,CXCL10,UP,UP,no,DOWN,no,no,UP
445,MINAR1,UP,no,no,no,no,no,no
446,NPR1,DOWN,no,no,no,no,no,DOWN
447,ZEB2,UP,no,no,no,no,no,UP
448,UGP2,DOWN,no,no,no,no,no,DOWN
449,KCNAB3,UP,no,no,no,no,UP,no
450,FOS,UP,no,no,no,no,no,no
451,DCLK2,UP,UP,no,no,no,no,UP
452,SERPINB9,DOWN,no,no,no,no,no,DOWN
453,SMAGP,UP,no,no,no,no,DOWN,UP
454,CDH2,UP,no,no,no,no,no,UP
455,IRX2,DOWN,no,no,no,no,DOWN,DOWN
456,CAVIN3,DOWN,no,no,no,no,no,DOWN
457,DCDC1,UP,no,no,no,no,no,UP
458,S1PR1,UP,no,no,no,no,no,UP
459,NPTX1,DOWN,no,no,no,no,no,DOWN
460,ASXL1,UP,no,no,no,no,no,UP
461,HOPX,UP,no,no,no,no,DOWN,UP
462,PIK3CD,DOWN,no,no,no,no,no,DOWN
463,ENC1,UP,no,no,no,no,DOWN,no
464,VAT1L,DOWN,no,no,no,no,DOWN,DOWN
465,TMEM51,DOWN,no,no,no,no,no,DOWN
466,PWWP2B,DOWN,no,no,no,no,UP,DOWN
467,MBOAT1,DOWN,DOWN,no,no,no,no,DOWN
468,CEBPB,DOWN,DOWN,no,no,no,no,DOWN
469,ARNT2,UP,no,no,no,no,no,UP
470,EFEMP2,UP,no,no,no,no,no,UP
471,PURG,UP,no,no,no,no,no,UP
472,BNC2,DOWN,no,no,no,UP,UP,DOWN
473,LRRN3,UP,UP,no,no,no,no,UP
474,ADCY5,DOWN,no,no,no,no,no,DOWN
475,SNCG,DOWN,no,no,no,no,no,DOWN
476,STOX2,UP,no,no,no,no,no,UP
477,GPR160,DOWN,no,no,no,no,no,DOWN
478,MSRB3,UP,no,no,no,no,no,UP
479,LEMD3,DOWN,no,no,no,no,no,no
480,UGT8,DOWN,DOWN,no,no,no,no,DOWN
481,LARP7,DOWN,no,no,no,no,no,DOWN
482,FGFBP3,UP,DOWN,no,no,no,no,no
483,YPEL2,UP,no,no,no,no,no,UP
484,DDIT3,DOWN,no,no,no,no,no,no
485,CLCF1,UP,no,no,no,no,no,UP
486,KDF1,DOWN,no,no,no,no,DOWN,DOWN
487,TSPEAR,DOWN,no,no,no,no,no,DOWN
488,LRRTM4,DOWN,no,no,no,no,no,DOWN
489,HSD11B2,DOWN,no,no,no,no,no,DOWN
490,PRR15,DOWN,no,no,no,no,no,DOWN
491,MYO1D,DOWN,no,no,no,no,no,DOWN
492,OVOS2,UP,no,no,no,no,no,UP
493,SHISA3,DOWN,no,no,no,no,no,DOWN
494,NEUROG2,UP,no,no,no,no,DOWN,no
495,BEND3,DOWN,no,no,no,no,no,DOWN
496,CTXN1,UP,no,no,no,no,UP,UP
497,SMIM10L2A,DOWN,no,no,no,no,no,DOWN
498,C14orf39,UP,no,no,no,no,DOWN,UP
499,TRIML2,DOWN,no,no,no,no,no,DOWN
500,ZFP42,DOWN,DOWN,no,no,no,DOWN,DOWN
501,ZNF664,UP,no,no,no,no,no,UP
502,EGR3,UP,no,no,no,no,no,UP
503,SSC5D,DOWN,no,no,no,no,no,DOWN
504,TDRP,DOWN,no,no,no,no,no,no
505,FZD2,UP,no,no,no,no,no,UP
506,RNF182,UP,no,no,no,no,no,UP
507,SKIDA1,UP,no,no,no,no,no,UP
508,TMEM64,DOWN,no,no,no,no,no,DOWN
509,CUEDC1,UP,UP,no,no,no,no,UP
510,FRAT2,DOWN,no,no,no,no,no,DOWN
511,ADGRB1,DOWN,no,no,no,no,no,DOWN
512,CLDN7,DOWN,DOWN,no,no,no,no,DOWN
513,TNRC18,UP,no,no,no,no,no,UP
514,TMEM30B,DOWN,no,no,no,no,no,DOWN
515,BACE2,DOWN,no,no,no,no,no,DOWN
516,C1S,DOWN,no,no,no,no,no,DOWN
517,EPHB3,UP,no,no,no,no,no,UP
518,NTM,DOWN,no,no,no,no,no,DOWN
519,LCK,DOWN,no,no,no,no,no,DOWN
520,GLUD2,UP,no,no,no,no,no,UP
521,CADM1,UP,no,no,no,no,no,UP
522,GAS6,DOWN,DOWN,no,no,no,no,DOWN
523,B3GALT5,DOWN,no,no,no,no,no,DOWN
524,KCTD8,DOWN,no,no,no,no,no,DOWN
525,FAM3B,DOWN,no,no,no,no,no,DOWN
526,TMPRSS2,DOWN,no,no,no,no,DOWN,DOWN
527,OAF,DOWN,no,no,no,no,UP,DOWN
528,SIX6,UP,no,no,no,no,no,UP
529,CSF1,DOWN,no,no,no,no,no,no
530,POU3F2,UP,no,no,no,no,no,UP
531,SOCS3,UP,UP,no,no,no,no,UP
532,CLDN6,DOWN,DOWN,no,no,no,DOWN,DOWN
533,ZBTB7C,UP,no,no,no,no,no,UP
534,SORCS2,UP,no,no,no,no,no,UP
535,MAFF,UP,no,no,no,DOWN,no,UP
536,FAM43A,DOWN,no,no,no,no,UP,DOWN
537,ROR1,DOWN,DOWN,no,no,no,no,DOWN
538,NR2F2,UP,UP,no,no,no,UP,UP
539,DLK1,UP,no,no,no,no,DOWN,UP
540,OLFML2A,UP,no,no,no,no,no,UP
541,PCYT2,DOWN,no,no,no,no,UP,no
542,LINC01405,DOWN,DOWN,no,no,no,no,DOWN
543,C16orf54,DOWN,no,DOWN,no,no,DOWN,DOWN
544,PTCH1,UP,no,no,no,no,DOWN,UP
545,ZNF267,DOWN,no,no,no,no,no,DOWN
546,ZNF75D,DOWN,no,no,no,no,no,no
547,GCNT1,DOWN,DOWN,no,no,no,DOWN,DOWN
548,WDR86,UP,UP,no,no,no,no,UP
549,C11orf96,DOWN,no,no,no,no,no,DOWN
550,C6orf132,DOWN,no,no,no,no,DOWN,DOWN
551,RUFY4,DOWN,DOWN,no,no,no,no,DOWN
552,IER5L,UP,no,no,no,no,no,UP
553,CLDN4,DOWN,DOWN,no,no,no,DOWN,DOWN
554,SH2D5,DOWN,no,no,no,no,no,DOWN
555,ACADSB,DOWN,no,no,no,no,no,DOWN
556,MME,DOWN,no,no,no,no,no,DOWN
557,OGDHL,DOWN,no,no,no,no,no,DOWN
558,KLHL14,DOWN,no,no,no,no,no,DOWN
559,EME2,DOWN,no,no,no,no,no,DOWN
560,SLC22A20P,DOWN,no,no,no,no,no,no
561,S100A6,UP,no,no,no,no,no,UP
562,ELOVL2,UP,no,no,no,no,no,UP
563,CACNA1E,DOWN,no,no,no,no,no,DOWN
564,CCDC69,DOWN,no,no,no,no,no,DOWN
565,STK39,UP,no,no,no,no,no,UP
566,PAPSS2,DOWN,no,UP,no,UP,UP,DOWN
567,PPP1R14C,UP,UP,no,no,no,no,UP
568,SMOC1,UP,no,no,no,no,no,UP
569,TOX,DOWN,no,no,no,no,no,no
570,GRK5,UP,no,no,no,no,no,UP
571,L1CAM,DOWN,no,no,no,no,UP,DOWN
572,TDRG1,DOWN,no,no,no,no,no,DOWN
573,RGL3,DOWN,no,no,no,DOWN,DOWN,DOWN
574,ITPRIPL2,UP,no,no,no,no,DOWN,UP
575,SNORA25,DOWN,no,no,no,no,no,DOWN
576,LBH,DOWN,no,UP,no,no,no,no
577,S1PR3,UP,no,no,no,no,no,UP
578,DDAH2,UP,no,no,no,no,no,UP
579,PPM1N,DOWN,DOWN,no,no,no,DOWN,DOWN
580,MRPL23,DOWN,no,no,no,no,no,no
581,LINC02981,UP,no,no,no,no,no,UP
582,LINC01356,DOWN,DOWN,no,no,no,no,DOWN
583,RPSAP43,DOWN,no,no,no,no,no,DOWN
584,CEBPD,DOWN,no,no,no,DOWN,no,no
585,CKMT1B,DOWN,DOWN,no,no,no,no,DOWN
586,TINCR,UP,no,no,no,no,DOWN,UP
587,ROR1-AS1,DOWN,no,no,no,no,no,DOWN
588,SNX10-AS1,UP,UP,no,no,no,no,UP
589,LINC01918,UP,no,no,no,no,no,UP
590,C13orf42,DOWN,no,no,no,no,no,DOWN
591,HDAC2-AS2,DOWN,no,no,no,no,no,DOWN
592,SNHG26,DOWN,no,no,no,no,no,DOWN
593,NKX1-2,DOWN,no,no,no,no,no,DOWN
594,FEZF1-AS1,UP,no,no,no,no,DOWN,no
595,MAGI2-AS3,UP,UP,no,no,no,UP,UP
596,KIAA0040,DOWN,no,no,no,no,no,DOWN
597,LOC101929021,UP,no,no,no,no,no,UP
598,RPL5P9,DOWN,DOWN,no,no,no,DOWN,DOWN
599,LINC01829,DOWN,no,no,no,no,no,DOWN
600,PNMA2,UP,no,no,no,no,no,UP
601,RPS26P23,DOWN,no,no,no,no,no,DOWN
602,TDGF1,DOWN,DOWN,no,no,no,no,DOWN
603,SOX2-OT,UP,no,no,no,no,no,UP
604,WDR86-AS1,UP,no,no,no,no,no,UP
605,LINC00698,DOWN,no,no,no,no,no,DOWN
606,PTCHD4,UP,no,no,UP,no,no,UP
607,GS1-24F4.2,UP,no,no,no,no,no,no
608,NR2F2-AS1,UP,no,no,no,no,no,UP
609,APELA,DOWN,UP,no,no,no,no,no
610,ZNF436-AS1,UP,no,no,no,no,DOWN,UP
611,HS3ST5,DOWN,no,no,no,no,no,DOWN
612,SELENOP,DOWN,no,no,no,no,no,DOWN
613,MIR124-1HG,DOWN,no,no,no,no,no,DOWN
614,TRNP1,DOWN,no,no,no,no,no,DOWN
615,RPL7P20,DOWN,no,no,no,no,no,DOWN
616,LINC00678,DOWN,no,no,no,no,no,DOWN
617,MIRLET7IHG,UP,no,no,no,no,no,UP
618,RHOXF1-AS1,DOWN,no,no,no,no,no,DOWN
619,ZNF710-AS1,UP,no,no,no,no,no,UP
620,LINC01833,UP,no,no,no,no,no,UP
621,LINC00261,UP,UP,no,no,no,DOWN,UP
622,FRRS1L,UP,no,no,no,no,no,UP
623,SPINT1-AS1,DOWN,no,no,no,no,no,DOWN
624,GREP1,DOWN,no,no,no,no,no,DOWN
625,SPON1,UP,UP,no,no,no,no,UP
626,ZNF488,DOWN,no,no,no,no,no,DOWN
627,TXNIP,UP,no,no,no,DOWN,DOWN,no
628,ESRG,DOWN,DOWN,DOWN,no,no,DOWN,DOWN
629,BAHCC1,UP,no,no,no,no,no,UP
630,GABRQ,DOWN,no,no,no,no,no,no
631,SPIB,DOWN,DOWN,no,no,no,no,DOWN
632,CD24,DOWN,no,no,no,no,no,DOWN
633,DACH1,UP,UP,no,no,no,no,UP
634,NEFL,DOWN,DOWN,no,no,no,DOWN,DOWN
635,HPAT5,DOWN,DOWN,no,no,no,no,DOWN
636,JAKMIP2-AS1,DOWN,DOWN,DOWN,no,no,DOWN,DOWN
637,HYMAI,UP,no,no,no,no,no,UP
638,LOC101930276,UP,no,no,no,no,DOWN,UP
639,LOC124905221,UP,no,no,no,no,no,no
640,LOC101929563,UP,no,no,no,no,no,no
641,GPC3-AS1,UP,no,no,no,no,DOWN,UP
642,ARX,no,UP,no,no,no,UP,UP
643,SKAP2,no,UP,no,no,no,no,UP
644,YBX2,no,DOWN,no,no,no,no,DOWN
645,BAIAP2L1,no,DOWN,no,no,no,no,DOWN
646,MMP25,no,DOWN,no,no,no,no,DOWN
647,SAMD4A,no,UP,UP,no,no,UP,no
648,USP2,no,UP,no,no,no,UP,no
649,CAPG,no,DOWN,no,no,no,no,DOWN
650,GPM6B,no,UP,no,no,no,no,UP
651,SCML1,no,UP,no,no,no,UP,no
652,LMO3,no,UP,UP,no,no,UP,UP
653,ATP9A,no,UP,no,no,no,no,UP
654,TMCC3,no,UP,no,no,no,no,UP
655,COL11A1,no,UP,no,no,no,no,UP
656,EYA2,no,UP,no,no,UP,UP,UP
657,MPPED2,no,UP,no,no,no,no,UP
658,RORA,no,UP,no,no,no,no,UP
659,FRY,no,UP,no,no,no,no,UP
660,GLI2,no,DOWN,no,no,no,DOWN,DOWN
661,SEMA3C,no,UP,UP,no,UP,UP,UP
662,WDR62,no,DOWN,no,no,no,no,DOWN
663,RARB,no,UP,no,no,no,no,UP
664,TESC,no,DOWN,no,no,no,DOWN,DOWN
665,FXYD5,no,DOWN,no,no,no,no,DOWN
666,CATSPERG,no,UP,no,no,no,no,UP
667,PCDH11Y,no,UP,no,no,no,no,UP
668,POLE2,no,DOWN,no,no,no,no,no
669,DHRS2,no,DOWN,no,no,no,no,no
670,CELF4,no,UP,no,no,no,no,UP
671,KLHL4,no,DOWN,no,no,no,no,DOWN
672,ELMO3,no,DOWN,no,no,no,no,DOWN
673,ATP8B4,no,UP,no,no,no,DOWN,UP
674,EYA1,no,UP,no,no,no,UP,no
675,CALB1,no,DOWN,DOWN,no,no,DOWN,no
676,JPH1,no,UP,no,no,no,no,no
677,NEFM,no,DOWN,no,no,no,no,DOWN
678,MAP4K1,no,DOWN,no,no,no,no,DOWN
679,TNNT1,no,DOWN,no,no,no,DOWN,DOWN
680,ABHD11,no,DOWN,no,no,no,no,DOWN
681,UNC5B,no,DOWN,no,no,no,no,DOWN
682,CDH23,no,DOWN,no,no,no,no,DOWN
683,DNAJC12,no,UP,no,no,no,no,no
684,RGS9,no,UP,no,no,no,no,UP
685,ENO3,no,UP,no,no,no,UP,UP
686,CPE,no,UP,no,no,no,no,UP
687,SOX6,no,UP,no,no,no,no,UP
688,PTPN5,no,UP,no,no,no,no,UP
689,WNT5B,no,UP,UP,no,no,UP,UP
690,COL12A1,no,UP,no,no,no,UP,no
691,NEDD9,no,UP,no,no,no,UP,UP
692,SIM1,no,UP,no,no,no,UP,UP
693,TRIM38,no,DOWN,no,no,no,DOWN,DOWN
694,CDH6,no,UP,UP,no,no,UP,UP
695,BCHE,no,UP,no,no,no,no,UP
696,FRMD4B,no,UP,no,no,no,no,UP
697,EFEMP1,no,UP,no,no,no,UP,UP
698,RND3,no,UP,no,no,no,no,UP
699,ATP6V1B1,no,DOWN,no,no,no,no,DOWN
700,PRRX1,no,UP,no,no,no,no,UP
701,RGS2,no,UP,no,no,no,UP,no
702,MYCL,no,UP,no,no,no,no,UP
703,MAN1C1,no,DOWN,no,no,no,no,DOWN
704,SLC8A2,no,DOWN,no,no,no,no,DOWN
705,PLS1,no,DOWN,no,no,no,no,DOWN
706,NPPB,no,UP,no,no,DOWN,DOWN,UP
707,CRISPLD1,no,UP,no,no,no,no,UP
708,CSMD2,no,DOWN,no,no,no,DOWN,DOWN
709,CHST3,no,UP,no,no,no,no,UP
710,EDN3,no,UP,no,no,UP,UP,UP
711,SERPINB6,no,UP,no,no,no,no,UP
712,EFNB2,no,UP,no,no,no,no,UP
713,BMP4,no,UP,UP,no,no,UP,UP
714,BMP2,no,UP,no,no,no,no,UP
715,FBXL16,no,DOWN,no,no,no,no,DOWN
716,SPINK2,no,DOWN,no,no,no,no,DOWN
717,KDR,no,DOWN,no,no,no,no,DOWN
718,KRT17,no,DOWN,no,no,no,DOWN,DOWN
719,VGF,no,DOWN,no,UP,no,no,DOWN
720,CDKN1C,no,UP,no,no,no,no,UP
721,ASS1,no,DOWN,no,no,no,DOWN,DOWN
722,SERPINF1,no,UP,no,no,no,UP,UP
723,DDC,no,UP,UP,no,no,UP,UP
724,RAB25,no,DOWN,no,no,no,DOWN,DOWN
725,RERG,no,UP,no,no,no,no,UP
726,DTNA,no,UP,no,no,no,UP,no
727,CLDN10,no,DOWN,no,no,no,no,DOWN
728,NIBAN1,no,UP,no,no,UP,UP,no
729,DOCK10,no,UP,no,no,no,UP,UP
730,ENPP2,no,UP,no,no,no,UP,UP
731,ARHGAP29,no,UP,UP,no,no,UP,UP
732,MYOF,no,UP,no,no,no,UP,UP
733,AMIGO2,no,UP,no,no,no,no,UP
734,MBNL2,no,UP,no,no,no,UP,UP
735,TTC6,no,UP,no,no,no,UP,UP
736,TPM1,no,UP,no,no,no,no,no
737,NKD1,no,UP,no,no,no,UP,UP
738,CDH11,no,UP,no,no,no,UP,UP
739,MYOCD,no,UP,no,no,no,UP,UP
740,ASXL3,no,UP,UP,no,no,UP,UP
741,COL6A2,no,DOWN,no,no,no,no,DOWN
742,CACNG8,no,DOWN,no,no,no,DOWN,DOWN
743,SYTL1,no,DOWN,no,no,no,no,DOWN
744,CCN1,no,UP,no,no,no,no,UP
745,RGS5,no,UP,no,no,no,no,UP
746,DUSP10,no,UP,no,no,no,no,UP
747,MEIS1,no,UP,no,no,no,no,UP
748,RBMS3,no,UP,no,no,no,no,UP
749,STAC,no,UP,no,no,no,no,UP
750,SLIT2,no,UP,UP,no,no,UP,UP
751,PDGFC,no,UP,no,no,no,no,UP
752,TMEM47,no,UP,no,no,no,no,UP
753,CHST7,no,DOWN,no,no,no,no,DOWN
754,RGS10,no,DOWN,no,no,no,DOWN,no
755,PAMR1,no,DOWN,DOWN,no,no,DOWN,no
756,GPM6A,no,UP,no,no,no,UP,UP
757,NPAS3,no,UP,no,no,no,UP,UP
758,EDNRA,no,UP,no,no,no,no,UP
759,ZNF385D,no,UP,UP,no,no,UP,UP
760,DNAI4,no,UP,no,no,no,UP,UP
761,SORBS2,no,UP,UP,UP,no,UP,no
762,EPHB1,no,UP,no,no,no,no,UP
763,TSPAN7,no,UP,no,no,no,no,UP
764,CACNA2D3,no,DOWN,no,no,no,no,DOWN
765,PWWP3B,no,UP,no,no,no,no,UP
766,KRTCAP3,no,DOWN,no,no,no,DOWN,DOWN
767,DUSP2,no,DOWN,no,no,no,no,DOWN
768,COLEC12,no,UP,no,no,no,UP,UP
769,CACHD1,no,DOWN,no,no,no,DOWN,DOWN
770,FGFR4,no,DOWN,no,no,no,no,DOWN
771,ALPL,no,DOWN,no,no,no,DOWN,DOWN
772,NFIA,no,UP,no,no,no,no,UP
773,NTNG1,no,UP,UP,no,UP,UP,UP
774,VCAM1,no,UP,no,no,no,no,UP
775,PPM1L,no,UP,no,no,no,no,UP
776,PITX2,no,UP,no,no,UP,UP,UP
777,FHIP1A,no,DOWN,no,no,no,DOWN,DOWN
778,F2RL1,no,DOWN,no,no,DOWN,DOWN,DOWN
779,CDCA7L,no,DOWN,no,no,no,no,DOWN
780,MAMDC2,no,UP,UP,no,no,UP,UP
781,CLDN3,no,DOWN,no,no,no,DOWN,DOWN
782,SLC7A3,no,DOWN,no,no,no,no,DOWN
783,CLDN2,no,UP,no,no,no,no,UP
784,PKNOX2,no,UP,no,no,no,no,no
785,MTCL1,no,DOWN,no,no,no,no,DOWN
786,SLC20A2,no,UP,no,no,no,no,UP
787,LRATD2,no,UP,no,no,no,no,UP
788,IRS1,no,UP,no,no,no,no,UP
789,NMD3,no,UP,no,no,no,no,UP
790,B3GALNT1,no,UP,no,no,no,UP,UP
791,BUB1,no,DOWN,no,no,no,no,DOWN
792,PCDH7,no,UP,no,no,no,UP,no
793,SEMA3E,no,UP,no,no,no,DOWN,UP
794,SDR9C7,no,UP,no,no,no,no,UP
795,KRT4,no,UP,no,no,UP,UP,UP
796,PDGFD,no,UP,no,no,no,UP,UP
797,KCND3,no,UP,no,no,no,UP,UP
798,MAP6,no,UP,no,no,no,UP,UP
799,BCL2,no,UP,no,no,no,UP,UP
800,MLLT3,no,UP,no,no,no,no,UP
801,SHLD1,no,UP,no,no,no,no,no
802,GAP43,no,DOWN,no,no,no,no,DOWN
803,IL17D,no,UP,no,no,no,no,UP
804,CES3,no,UP,no,no,no,no,no
805,HPSE2,no,DOWN,no,no,no,DOWN,DOWN
806,PTPRM,no,UP,no,no,no,UP,UP
807,SPSB4,no,UP,no,no,no,no,UP
808,NRIP3,no,DOWN,no,no,no,no,no
809,PCSK1,no,DOWN,no,no,no,no,DOWN
810,DMRTA1,no,UP,no,no,no,UP,UP
811,DNAJC22,no,UP,no,no,no,no,UP
812,MAF,no,UP,no,no,no,no,UP
813,FOXE1,no,UP,no,no,UP,UP,UP
814,SLITRK4,no,UP,no,no,no,no,UP
815,PIPOX,no,DOWN,no,no,no,DOWN,DOWN
816,ARSJ,no,UP,no,no,no,UP,no
817,ANXA2,no,UP,no,no,no,UP,no
818,SOX1,no,DOWN,no,no,no,DOWN,DOWN
819,CTNNA3,no,UP,no,no,no,no,UP
820,LHFPL6,no,UP,no,no,no,no,UP
821,KCTD16,no,UP,no,no,no,no,UP
822,CFAP91,no,UP,no,no,no,no,UP
823,MAML2,no,UP,no,no,no,UP,UP
824,PROS1,no,UP,no,no,no,UP,UP
825,NELL2,no,UP,no,no,no,no,UP
826,PMEL,no,UP,no,no,no,UP,UP
827,RTN4RL1,no,UP,no,no,no,UP,UP
828,PPARA,no,UP,no,no,no,no,UP
829,MITF,no,UP,no,no,no,no,UP
830,DCC,no,UP,no,no,no,no,UP
831,THSD4,no,DOWN,no,no,no,no,DOWN
832,ARL4C,no,UP,no,no,no,no,UP
833,LRRK2,no,UP,no,no,no,no,UP
834,AKR1C3,no,DOWN,no,no,no,no,DOWN
835,CD55,no,DOWN,no,no,no,no,DOWN
836,SPTSSB,no,UP,no,no,no,no,UP
837,SLC30A10,no,UP,no,no,no,no,UP
838,STMN3,no,DOWN,no,no,no,UP,DOWN
839,CARD11,no,DOWN,no,no,no,no,DOWN
840,MYL4,no,UP,UP,no,UP,UP,UP
841,GRM3,no,UP,no,UP,UP,UP,UP
842,RUSC2,no,UP,no,no,no,no,UP
843,RBM20,no,UP,no,no,no,no,UP
844,COL5A2,no,UP,no,no,no,UP,UP
845,ACOXL-AS1,no,DOWN,no,no,no,no,DOWN
846,RPL31P43,no,DOWN,no,no,no,no,DOWN
847,LINC03007,no,UP,UP,no,no,UP,UP
848,MIR181A2HG,no,DOWN,no,no,no,no,no
849,SLC16A1-AS1,no,DOWN,no,no,no,no,DOWN
850,ATP8,no,DOWN,no,no,no,no,no
851,MIR205HG,no,DOWN,no,no,no,no,DOWN
852,ZNF503-AS2,no,UP,no,no,no,no,UP
853,SNHG3,no,DOWN,no,no,no,no,DOWN
854,RORA-AS1,no,UP,no,no,no,no,no
855,ACTN3,no,DOWN,no,no,no,no,DOWN
856,MIR302CHG,no,DOWN,no,no,no,no,DOWN
857,PWRN1,no,UP,no,no,no,no,UP
858,EPPK1,no,DOWN,no,no,no,no,DOWN
859,SNHG25,no,DOWN,no,no,no,no,DOWN
860,NAMA,no,UP,no,no,no,no,UP
861,SMIM32,no,UP,no,no,no,UP,UP
862,ADRA2B,no,DOWN,no,no,no,no,DOWN
863,MEF2C,no,no,UP,no,no,UP,UP
864,NRP1,no,no,UP,no,no,UP,UP
865,PCYT1B,no,no,DOWN,no,no,DOWN,no
866,TTR,no,no,UP,no,no,UP,no
867,NEK6,no,no,UP,no,no,UP,no
868,PLP1,no,no,DOWN,no,no,DOWN,no
869,FEZF1,no,no,DOWN,no,no,DOWN,no
870,PI15,no,no,UP,no,no,UP,no
871,THBS1,no,no,UP,no,no,no,UP
872,TMEM132B,no,no,DOWN,no,no,DOWN,DOWN
873,FBLN5,no,no,UP,no,no,UP,no
874,ACTA1,no,no,DOWN,no,no,DOWN,UP
875,GADL1,no,no,UP,no,no,UP,UP
876,ITGA9,no,no,UP,no,no,UP,no
877,AK5,no,no,UP,no,no,UP,no
878,LHFPL4,no,no,DOWN,no,no,DOWN,DOWN
879,DRC1,no,no,UP,no,no,UP,no
880,CLSTN2,no,no,UP,no,no,UP,no
881,ABCA1,no,no,DOWN,no,no,DOWN,no
882,ARMC3,no,no,UP,no,no,UP,no
883,COL3A1,no,no,UP,no,no,UP,no
884,PXDC1,no,no,UP,no,no,UP,no
885,PDE3A,no,no,UP,no,UP,UP,no
886,TCIM,no,no,UP,UP,no,UP,UP
887,H2AC6,no,no,DOWN,no,no,DOWN,no
888,SPATA13,no,no,UP,no,no,UP,no
889,SLC8A1,no,no,UP,no,UP,UP,no
890,KREMEN1,no,no,UP,no,no,UP,DOWN
891,CLXN,no,no,no,UP,no,UP,no
892,EBF4,no,no,no,UP,no,UP,no
893,GDPD3,no,no,no,UP,no,no,no
894,NDRG1,no,no,no,UP,no,UP,no
895,TFPI2,no,no,no,UP,no,UP,no
896,COL1A1,no,no,no,UP,no,no,no
897,CH25H,no,no,no,DOWN,no,DOWN,DOWN
898,XDH,no,no,no,UP,no,no,no
899,PLEKHA2,no,no,no,UP,no,UP,no
900,APLN,no,no,no,UP,DOWN,no,no
901,SLIT1,no,no,no,UP,no,UP,no
902,RYR1,no,no,no,UP,no,no,DOWN
903,CFAP43,no,no,no,UP,no,no,no
904,ZDHHC11B,no,no,no,UP,no,UP,no
905,SLC8A1-AS1,no,no,no,UP,no,UP,no
906,MVP,no,no,no,no,DOWN,no,no
907,PDGFB,no,no,no,no,DOWN,no,UP
908,SERPINE1,no,no,no,no,DOWN,no,no
909,FGF8,no,no,no,no,DOWN,no,no
910,TP53I3,no,no,no,no,UP,no,no
911,SPP1,no,no,no,no,DOWN,DOWN,DOWN
912,PLAU,no,no,no,no,DOWN,no,no
913,CDKN1A,no,no,no,no,DOWN,no,DOWN
914,SIX1,no,no,no,no,DOWN,DOWN,no
915,RDH16,no,no,no,no,DOWN,no,no
916,ARRDC4,no,no,no,no,DOWN,DOWN,no
917,SLC16A3,no,no,no,no,DOWN,no,no
918,PPFIA4,no,no,no,no,DOWN,no,no
919,TMEFF2,no,no,no,no,UP,UP,no
920,MTG1,no,no,no,no,UP,no,no
921,CHST9,no,no,no,no,UP,UP,no
922,ATP6V0D1,no,no,no,no,UP,no,no
923,KBTBD8,no,no,no,no,UP,no,no
924,EDIL3,no,no,no,no,UP,UP,no
925,CYB5R2,no,no,no,no,UP,UP,no
926,GNG12,no,no,no,no,UP,UP,no
927,CADM2,no,no,no,no,UP,UP,no
928,ERBB4,no,no,no,no,UP,UP,no
929,SLC24A3,no,no,no,no,UP,UP,no
930,FAM111B,no,no,no,no,UP,no,no
931,MTCO3P12,no,no,no,no,UP,UP,no
932,LOC124901151,no,no,no,no,DOWN,no,no
933,LINC02381,no,no,no,no,UP,UP,UP
934,ABCA11P,no,no,no,no,UP,UP,no
935,LINC01963,no,no,no,no,UP,UP,no
936,SAP30-DT,no,no,no,no,DOWN,no,no
937,CFTR,no,no,no,no,no,UP,no
938,TFPI,no,no,no,no,no,UP,UP
939,SARM1,no,no,no,no,no,UP,no
940,PLXND1,no,no,no,no,no,UP,no
941,PDK4,no,no,no,no,no,UP,no
942,ZMYND10,no,no,no,no,no,UP,no
943,PROM1,no,no,no,no,no,UP,no
944,ST3GAL1,no,no,no,no,no,UP,no
945,GIPR,no,no,no,no,no,UP,no
946,MAN2B2,no,no,no,no,no,UP,no
947,ISL1,no,no,no,no,no,DOWN,UP
948,SNAI2,no,no,no,no,no,UP,no
949,CD74,no,no,no,no,no,DOWN,no
950,NRXN3,no,no,no,no,no,DOWN,no
951,FUT8,no,no,no,no,no,DOWN,no
952,CYP46A1,no,no,no,no,no,UP,no
953,CDH10,no,no,no,no,no,UP,no
954,RIPOR3,no,no,no,no,no,DOWN,no
955,EPHA3,no,no,no,no,no,UP,no
956,DKK3,no,no,no,no,no,UP,no
957,NFE2L3,no,no,no,no,no,UP,no
958,FNIP2,no,no,no,no,no,UP,no
959,FOXC1,no,no,no,no,no,UP,no
960,CA11,no,no,no,no,no,DOWN,DOWN
961,NHERF2,no,no,no,no,no,UP,no
962,NTN1,no,no,no,no,no,UP,no
963,COL17A1,no,no,no,no,no,DOWN,no
964,CTNNA2,no,no,no,no,no,DOWN,no
965,ELOVL1,no,no,no,no,no,UP,no
966,IDI1,no,no,no,no,no,UP,no
967,REEP1,no,no,no,no,no,UP,no
968,MAST4,no,no,no,no,no,UP,no
969,TGFBR3,no,no,no,no,no,UP,UP
970,LMCD1,no,no,no,no,no,UP,DOWN
971,RPS6KA6,no,no,no,no,no,UP,UP
972,LIMS2,no,no,no,no,no,UP,no
973,CYP2W1,no,no,no,no,no,UP,DOWN
974,MGLL,no,no,no,no,no,UP,no
975,NTN4,no,no,no,no,no,UP,no
976,KCNQ2,no,no,no,no,no,DOWN,no
977,SEMA3A,no,no,no,no,no,UP,DOWN
978,PLD1,no,no,no,no,no,UP,no
979,FMO4,no,no,no,no,no,DOWN,UP
980,PAG1,no,no,no,no,no,UP,no
981,SPAG6,no,no,no,no,no,UP,no
982,FGFR1,no,no,no,no,no,DOWN,no
983,CEACAM1,no,no,no,no,no,DOWN,DOWN
984,MOK,no,no,no,no,no,UP,no
985,COL4A4,no,no,no,no,no,DOWN,UP
986,SMARCD3,no,no,no,no,no,UP,no
987,OPRK1,no,no,no,no,no,DOWN,no
988,TRPM3,no,no,no,no,no,DOWN,no
989,SLCO1A2,no,no,no,no,no,DOWN,no
990,RFX2,no,no,no,no,no,UP,UP
991,ASAP3,no,no,no,no,no,UP,no
992,CPXM1,no,no,no,no,no,UP,no
993,KIZ,no,no,no,no,no,DOWN,no
994,LHX5,no,no,no,no,no,DOWN,no
995,CCDC80,no,no,no,no,no,UP,no
996,SLC7A8,no,no,no,no,no,DOWN,DOWN
997,SORBS1,no,no,no,no,no,DOWN,DOWN
998,FKBP5,no,no,no,no,no,DOWN,no
999,DSP,no,no,no,no,no,DOWN,DOWN
1000,SCD,no,no,no,no,no,UP,no
1001,KLHL22,no,no,no,no,no,UP,no
1002,RAB36,no,no,no,no,no,UP,no
1003,CBX7,no,no,no,no,no,DOWN,no
1004,KCTD17,no,no,no,no,no,UP,no
1005,TRIM9,no,no,no,no,no,UP,UP
1006,SIX4,no,no,no,no,no,DOWN,no
1007,BMP7,no,no,no,no,no,UP,no
1008,SPEF1,no,no,no,no,no,UP,no
1009,FERMT1,no,no,no,no,no,DOWN,no
1010,WFDC2,no,no,no,no,no,DOWN,no
1011,PPP1R16B,no,no,no,no,no,DOWN,no
1012,LIPG,no,no,no,no,no,UP,no
1013,RNF125,no,no,no,no,no,UP,no
1014,SRPX,no,no,no,no,no,UP,no
1015,PCSK1N,no,no,no,no,no,UP,no
1016,HAS3,no,no,no,no,no,DOWN,DOWN
1017,SALL1,no,no,no,no,no,DOWN,no
1018,SLC30A4,no,no,no,no,no,UP,no
1019,CPQ,no,no,no,no,no,UP,no
1020,SFRP1,no,no,no,no,no,DOWN,DOWN
1021,SPAG1,no,no,no,no,no,UP,no
1022,PPP1R37,no,no,no,no,no,UP,no
1023,PRX,no,no,no,no,no,UP,no
1024,TJP3,no,no,no,no,no,DOWN,DOWN
1025,APLP1,no,no,no,no,no,UP,UP
1026,LIM2,no,no,no,no,no,UP,no
1027,ISYNA1,no,no,no,no,no,UP,no
1028,ITGB8,no,no,no,no,no,UP,no
1029,MET,no,no,no,no,no,UP,no
1030,LFNG,no,no,no,no,no,DOWN,no
1031,IQCE,no,no,no,no,no,UP,no
1032,PCOLCE,no,no,no,no,no,UP,no
1033,AP1S1,no,no,no,no,no,UP,no
1034,AEBP1,no,no,no,no,no,UP,no
1035,MEGF9,no,no,no,no,no,UP,no
1036,DOCK8,no,no,no,no,no,UP,no
1037,SH3GL2,no,no,no,no,no,DOWN,no
1038,EBF3,no,no,no,no,no,UP,no
1039,RAB5C,no,no,no,no,no,UP,no
1040,PMP22,no,no,no,no,no,UP,no
1041,NMU,no,no,no,no,no,DOWN,DOWN
1042,CCKBR,no,no,no,no,no,DOWN,no
1043,FOLR1,no,no,no,no,no,DOWN,UP
1044,PITPNM1,no,no,no,no,no,UP,no
1045,VWF,no,no,no,no,no,DOWN,no
1046,PRMT8,no,no,no,no,no,DOWN,no
1047,OAS2,no,no,no,no,no,DOWN,no
1048,GAPDH,no,no,no,no,no,DOWN,no
1049,RIPOR2,no,no,no,no,no,DOWN,DOWN
1050,MDGA1,no,no,no,no,no,UP,DOWN
1051,EYA4,no,no,no,no,no,UP,no
1052,ARFGEF3,no,no,no,no,no,DOWN,DOWN
1053,CLIC5,no,no,no,no,no,UP,UP
1054,HMGCS1,no,no,no,no,no,UP,no
1055,LOX,no,no,no,no,no,UP,no
1056,SPARC,no,no,no,no,no,UP,no
1057,ARRDC3,no,no,no,no,no,DOWN,no
1058,NR3C1,no,no,no,no,no,UP,no
1059,DPYSL3,no,no,no,no,no,DOWN,DOWN
1060,PDGFRB,no,no,no,no,no,UP,UP
1061,NEK11,no,no,no,no,no,UP,no
1062,FNDC4,no,no,no,no,no,UP,no
1063,PCSK4,no,no,no,no,no,UP,no
1064,FN1,no,no,no,no,no,UP,no
1065,DHCR24,no,no,no,no,no,UP,no
1066,NID1,no,no,no,no,no,UP,no
1067,ECE1,no,no,no,no,no,UP,no
1068,APOA1,no,no,no,no,no,UP,DOWN
1069,MREG,no,no,no,no,no,DOWN,no
1070,USP35,no,no,no,no,no,UP,no
1071,RAB32,no,no,no,no,no,UP,no
1072,VAMP8,no,no,no,no,no,DOWN,no
1073,PCDH17,no,no,no,no,no,UP,no
1074,ELL2,no,no,no,no,no,UP,no
1075,DNAH7,no,no,no,no,no,UP,no
1076,C1orf198,no,no,no,no,no,UP,no
1077,ALG2,no,no,no,no,no,DOWN,no
1078,PGF,no,no,no,no,no,UP,no
1079,MOB3B,no,no,no,no,no,DOWN,no
1080,CCDC170,no,no,no,no,no,UP,no
1081,PLEKHG1,no,no,no,no,no,UP,no
1082,TNN,no,no,no,no,no,UP,no
1083,DNAJC15,no,no,no,no,no,UP,no
1084,TGFBI,no,no,no,no,no,UP,no
1085,GLT8D2,no,no,no,no,no,UP,no
1086,RDH10,no,no,no,no,no,UP,DOWN
1087,SLITRK3,no,no,no,no,no,UP,no
1088,CXCR4,no,no,no,no,no,DOWN,UP
1089,INHBA,no,no,no,no,no,UP,no
1090,BICC1,no,no,no,no,no,UP,UP
1091,SSPN,no,no,no,no,no,UP,no
1092,NRK,no,no,no,no,no,UP,no
1093,DAW1,no,no,no,no,no,UP,no
1094,ATP8A1,no,no,no,no,no,DOWN,no
1095,ATXN1,no,no,no,no,no,UP,no
1096,MYRF,no,no,no,no,no,UP,UP
1097,AHNAK,no,no,no,no,no,UP,no
1098,KIF25,no,no,no,no,no,DOWN,no
1099,TMEM255A,no,no,no,no,no,UP,no
1100,TRIP10,no,no,no,no,no,DOWN,no
1101,FOSB,no,no,no,no,no,UP,no
1102,PCSK2,no,no,no,no,no,UP,no
1103,FLRT1,no,no,no,no,no,UP,no
1104,ZNF384,no,no,no,no,no,UP,no
1105,ABHD8,no,no,no,no,no,UP,no
1106,TNFRSF19,no,no,no,no,no,UP,no
1107,GNG11,no,no,no,no,no,UP,no
1108,SDF2L1,no,no,no,no,no,UP,no
1109,FOXP2,no,no,no,no,no,UP,no
1110,PDE11A,no,no,no,no,no,UP,UP
1111,E2F8,no,no,no,no,no,UP,no
1112,CDKN2D,no,no,no,no,no,UP,no
1113,FOXJ1,no,no,no,no,no,UP,no
1114,RHBDF2,no,no,no,no,no,DOWN,DOWN
1115,SHC2,no,no,no,no,no,UP,no
1116,SLC6A8,no,no,no,no,no,DOWN,no
1117,PNCK,no,no,no,no,no,DOWN,no
1118,HABP4,no,no,no,no,no,UP,no
1119,POLN,no,no,no,no,no,UP,no
1120,SYNE1,no,no,no,no,no,UP,no
1121,C1QL1,no,no,no,no,no,UP,no
1122,ACAP3,no,no,no,no,no,UP,no
1123,LIN28A,no,no,no,no,no,DOWN,no
1124,MATN3,no,no,no,no,no,UP,no
1125,RAMP1,no,no,no,no,no,UP,no
1126,RAP1GAP2,no,no,no,no,no,DOWN,no
1127,MATN2,no,no,no,no,no,UP,no
1128,MTSS2,no,no,no,no,no,UP,no
1129,SNAP25,no,no,no,no,no,UP,no
1130,IRS4,no,no,no,no,no,DOWN,no
1131,MORC4,no,no,no,no,no,UP,no
1132,GNG5B,no,no,no,no,no,UP,no
1133,DUSP26,no,no,no,no,no,UP,DOWN
1134,GSTM3,no,no,no,no,no,UP,no
1135,NGF,no,no,no,no,no,UP,no
1136,FST,no,no,no,no,no,DOWN,no
1137,EMP1,no,no,no,no,no,UP,no
1138,RAB33A,no,no,no,no,no,UP,UP
1139,ENTREP1,no,no,no,no,no,UP,no
1140,GARIN1B,no,no,no,no,no,DOWN,no
1141,PRR5L,no,no,no,no,no,DOWN,no
1142,NHSL1,no,no,no,no,no,UP,no
1143,MICAL1,no,no,no,no,no,UP,no
1144,PCNX2,no,no,no,no,no,DOWN,no
1145,SERPINE2,no,no,no,no,no,DOWN,no
1146,TMBIM1,no,no,no,no,no,UP,no
1147,ST6GALNAC4,no,no,no,no,no,UP,no
1148,RAB30,no,no,no,no,no,UP,no
1149,SORL1,no,no,no,no,no,DOWN,no
1150,STRA6,no,no,no,no,no,DOWN,no
1151,DUSP5,no,no,no,no,no,DOWN,no
1152,CALHM2,no,no,no,no,no,UP,no
1153,ADAMTS14,no,no,no,no,no,UP,DOWN
1154,CARF,no,no,no,no,no,DOWN,no
1155,ITPRID2,no,no,no,no,no,UP,UP
1156,CHRNA1,no,no,no,no,no,UP,no
1157,SLC40A1,no,no,no,no,no,UP,no
1158,HERC5,no,no,no,no,no,DOWN,DOWN
1159,PCDH10,no,no,no,no,no,UP,no
1160,MMRN1,no,no,no,no,no,UP,no
1161,SEPTIN11,no,no,no,no,no,UP,no
1162,SHISAL1,no,no,no,no,no,UP,no
1163,CPNE8,no,no,no,no,no,UP,UP
1164,PRICKLE1,no,no,no,no,no,UP,no
1165,LUM,no,no,no,no,no,UP,no
1166,ASCL1,no,no,no,no,no,UP,no
1167,WARS1,no,no,no,no,no,DOWN,no
1168,ST8SIA2,no,no,no,no,no,UP,UP
1169,CRTC3,no,no,no,no,no,UP,no
1170,IRF8,no,no,no,no,no,UP,no
1171,ARSG,no,no,no,no,no,DOWN,no
1172,TAF4B,no,no,no,no,no,DOWN,DOWN
1173,GREB1L,no,no,no,no,no,DOWN,no
1174,RNF157,no,no,no,no,no,UP,UP
1175,NTN5,no,no,no,no,no,UP,no
1176,RNPEPL1,no,no,no,no,no,UP,no
1177,GARIN5A,no,no,no,no,no,DOWN,no
1178,FHAD1,no,no,no,no,no,UP,no
1179,CNKSR1,no,no,no,no,no,DOWN,no
1180,C1orf216,no,no,no,no,no,UP,no
1181,SLC44A3,no,no,no,no,no,UP,no
1182,SYT14,no,no,no,no,no,DOWN,no
1183,ADAM15,no,no,no,no,no,UP,no
1184,EFNA3,no,no,no,no,no,UP,no
1185,EPHX1,no,no,no,no,no,UP,DOWN
1186,SOX13,no,no,no,no,no,DOWN,no
1187,GDF7,no,no,no,no,no,UP,no
1188,ST6GAL2,no,no,no,no,no,UP,no
1189,HES6,no,no,no,no,no,UP,no
1190,OSBPL10,no,no,no,no,no,UP,no
1191,LRTM1,no,no,no,no,no,UP,no
1192,NFKBIZ,no,no,no,no,no,DOWN,no
1193,PHLDB2,no,no,no,no,no,UP,no
1194,BOC,no,no,no,no,no,DOWN,no
1195,CORIN,no,no,no,no,no,UP,no
1196,SFRP2,no,no,no,no,no,DOWN,no
1197,GLRA3,no,no,no,no,no,UP,no
1198,ADAMTS16,no,no,no,no,no,UP,no
1199,PLK2,no,no,no,no,no,UP,no
1200,HAPLN1,no,no,no,no,no,UP,no
1201,EGFR,no,no,no,no,no,UP,UP
1202,RSPO2,no,no,no,no,no,DOWN,no
1203,VLDLR,no,no,no,no,no,DOWN,no
1204,NTRK2,no,no,no,no,no,UP,no
1205,ST8SIA6,no,no,no,no,no,DOWN,UP
1206,ADM,no,no,no,no,no,DOWN,no
1207,GLB1L2,no,no,no,no,no,UP,no
1208,CNKSR2,no,no,no,no,no,DOWN,no
1209,FREM2,no,no,no,no,no,UP,no
1210,CRIM1,no,no,no,no,no,UP,no
1211,ANKRD50,no,no,no,no,no,UP,no
1212,EPS8,no,no,no,no,no,UP,no
1213,SLC35F4,no,no,no,no,no,UP,no
1214,TLCD4,no,no,no,no,no,UP,UP
1215,TMEM178A,no,no,no,no,no,UP,UP
1216,KCNK13,no,no,no,no,no,UP,no
1217,GUCY1A2,no,no,no,no,no,UP,no
1218,GPD1L,no,no,no,no,no,UP,no
1219,DYNLT5,no,no,no,no,no,UP,DOWN
1220,CMTM7,no,no,no,no,no,UP,no
1221,DDAH1,no,no,no,no,no,UP,UP
1222,ANKRD29,no,no,no,no,no,UP,no
1223,NRGN,no,no,no,no,no,UP,no
1224,TNIK,no,no,no,no,no,UP,no
1225,CFAP210,no,no,no,no,no,UP,no
1226,JAM2,no,no,no,no,no,UP,no
1227,ADAMTS1,no,no,no,no,no,UP,no
1228,SPAG17,no,no,no,no,no,UP,no
1229,AFF2,no,no,no,no,no,DOWN,UP
1230,WIF1,no,no,no,no,no,DOWN,no
1231,ADAMTSL3,no,no,no,no,no,UP,no
1232,PCDH1,no,no,no,no,no,DOWN,DOWN
1233,TMEM171,no,no,no,no,no,UP,no
1234,MMP14,no,no,no,no,no,UP,no
1235,HYDIN,no,no,no,no,no,UP,UP
1236,SHROOM4,no,no,no,no,no,UP,no
1237,H2BC5,no,no,no,no,no,DOWN,no
1238,TAGLN2,no,no,no,no,no,UP,no
1239,NBL1,no,no,no,no,no,UP,no
1240,F11R,no,no,no,no,no,DOWN,DOWN
1241,ACTC1,no,no,no,no,no,DOWN,no
1242,TPPP3,no,no,no,no,no,UP,DOWN
1243,FDPS,no,no,no,no,no,UP,no
1244,DMKN,no,no,no,no,no,DOWN,no
1245,FAM171A2,no,no,no,no,no,UP,no
1246,PLCD3,no,no,no,no,no,UP,no
1247,DRAXIN,no,no,no,no,no,DOWN,DOWN
1248,DDR2,no,no,no,no,no,UP,no
1249,PEA15,no,no,no,no,no,UP,no
1250,SPATA17,no,no,no,no,no,UP,no
1251,C1orf115,no,no,no,no,no,DOWN,no
1252,KCNF1,no,no,no,no,no,UP,no
1253,LRATD1,no,no,no,no,no,UP,no
1254,CDC42EP3,no,no,no,no,no,UP,no
1255,CLDN1,no,no,no,no,no,UP,no
1256,COL6A3,no,no,no,no,no,UP,no
1257,LMOD1,no,no,no,no,no,UP,no
1258,SERPINI1,no,no,no,no,no,UP,no
1259,SYNPR,no,no,no,no,no,DOWN,no
1260,HESX1,no,no,no,no,no,DOWN,no
1261,RBM47,no,no,no,no,no,DOWN,no
1262,CFAP100,no,no,no,no,no,UP,UP
1263,ABLIM2,no,no,no,no,no,UP,no
1264,SGMS2,no,no,no,no,no,UP,no
1265,NDST3,no,no,no,no,no,UP,no
1266,RHOBTB3,no,no,no,no,no,UP,no
1267,SERINC5,no,no,no,no,no,DOWN,no
1268,TXLNB,no,no,no,no,no,UP,no
1269,DACT2,no,no,no,no,no,DOWN,no
1270,MATCAP2,no,no,no,no,no,UP,UP
1271,SP8,no,no,no,no,no,DOWN,no
1272,DLC1,no,no,no,no,no,UP,no
1273,TMEM74,no,no,no,no,no,DOWN,no
1274,GPER1,no,no,no,no,no,UP,no
1275,BAALC,no,no,no,no,no,UP,no
1276,CTHRC1,no,no,no,no,no,UP,no
1277,GEM,no,no,no,no,no,UP,no
1278,WNK2,no,no,no,no,no,UP,no
1279,FAT3,no,no,no,no,no,UP,UP
1280,PHOX2A,no,no,no,no,no,DOWN,no
1281,NDRG2,no,no,no,no,no,UP,DOWN
1282,NSMF,no,no,no,no,no,UP,no
1283,SALL2,no,no,no,no,no,DOWN,no
1284,IFI27,no,no,no,no,no,UP,UP
1285,ABTB2,no,no,no,no,no,DOWN,no
1286,GPR176,no,no,no,no,no,DOWN,no
1287,ADAMTS15,no,no,no,no,no,UP,no
1288,CLMP,no,no,no,no,no,UP,DOWN
1289,PPFIBP2,no,no,no,no,no,UP,no
1290,TMEM130,no,no,no,no,no,UP,no
1291,PKD1L2,no,no,no,no,no,UP,no
1292,CFAP52,no,no,no,no,no,UP,no
1293,TMEM92,no,no,no,no,no,DOWN,no
1294,GPRC5B,no,no,no,no,no,DOWN,no
1295,MVD,no,no,no,no,no,UP,no
1296,RHEBL1,no,no,no,no,no,DOWN,no
1297,SPRYD3,no,no,no,no,no,UP,no
1298,IGFBP6,no,no,no,no,no,DOWN,no
1299,PBK,no,no,no,no,no,UP,no
1300,FILIP1L,no,no,no,no,no,UP,no
1301,RHOH,no,no,no,no,no,DOWN,no
1302,LGI3,no,no,no,no,no,UP,no
1303,BMP1,no,no,no,no,no,UP,UP
1304,UGT3A2,no,no,no,no,no,DOWN,DOWN
1305,FSTL5,no,no,no,no,no,UP,no
1306,VAMP5,no,no,no,no,no,UP,UP
1307,COL4A3,no,no,no,no,no,DOWN,UP
1308,ROR2,no,no,no,no,no,DOWN,no
1309,FAM110B,no,no,no,no,no,UP,UP
1310,AFAP1L2,no,no,no,no,no,DOWN,no
1311,KCNAB1,no,no,no,no,no,UP,no
1312,LDB2,no,no,no,no,no,UP,no
1313,RAC3,no,no,no,no,no,UP,no
1314,ALCAM,no,no,no,no,no,UP,no
1315,CMTM8,no,no,no,no,no,UP,no
1316,LRRN2,no,no,no,no,no,UP,no
1317,FOXA3,no,no,no,no,no,DOWN,DOWN
1318,TTLL6,no,no,no,no,no,DOWN,UP
1319,PYGO1,no,no,no,no,no,UP,UP
1320,BCL2L1,no,no,no,no,no,DOWN,no
1321,FOXB1,no,no,no,no,no,DOWN,no
1322,DRC3,no,no,no,no,no,UP,no
1323,LAMB2,no,no,no,no,no,UP,no
1324,CALB2,no,no,no,no,no,DOWN,no
1325,FRMD3,no,no,no,no,no,UP,UP
1326,ISG20,no,no,no,no,no,DOWN,no
1327,NEGR1,no,no,no,no,no,UP,no
1328,SMPDL3A,no,no,no,no,no,UP,no
1329,CCDC96,no,no,no,no,no,UP,no
1330,VEGFB,no,no,no,no,no,UP,no
1331,PIFO,no,no,no,no,no,UP,no
1332,GOLGA6L2,no,no,no,no,no,UP,no
1333,SLC29A2,no,no,no,no,no,UP,DOWN
1334,CNIH2,no,no,no,no,no,UP,no
1335,VWA3A,no,no,no,no,no,UP,no
1336,NR2F1,no,no,no,no,no,UP,no
1337,CREG2,no,no,no,no,no,UP,no
1338,JAKMIP2,no,no,no,no,no,UP,DOWN
1339,TPRN,no,no,no,no,no,UP,DOWN
1340,CAVIN1,no,no,no,no,no,UP,no
1341,ST8SIA3,no,no,no,no,no,DOWN,no
1342,SAMD12,no,no,no,no,no,DOWN,no
1343,JUN,no,no,no,no,no,UP,no
1344,MAMDC4,no,no,no,no,no,UP,no
1345,PDE4DIP,no,no,no,no,no,UP,no
1346,ZFAND2A,no,no,no,no,no,UP,no
1347,KCTD12,no,no,no,no,no,UP,no
1348,HTR1D,no,no,no,no,no,DOWN,no
1349,ZBTB42,no,no,no,no,no,UP,no
1350,CFAP276,no,no,no,no,no,UP,no
1351,NRXN1,no,no,no,no,no,DOWN,DOWN
1352,SERTM1,no,no,no,no,no,UP,no
1353,ARHGAP45,no,no,no,no,no,DOWN,no
1354,NRIP1,no,no,no,no,no,UP,UP
1355,SHISA2,no,no,no,no,no,DOWN,no
1356,SYNE4,no,no,no,no,no,DOWN,DOWN
1357,DIPK2A,no,no,no,no,no,UP,no
1358,RELL1,no,no,no,no,no,UP,no
1359,SLC2A4,no,no,no,no,no,UP,no
1360,KCNIP1,no,no,no,no,no,UP,no
1361,RGMA,no,no,no,no,no,DOWN,UP
1362,KCNA4,no,no,no,no,no,UP,UP
1363,CRIP2,no,no,no,no,no,UP,no
1364,PLCXD3,no,no,no,no,no,UP,no
1365,MACC1,no,no,no,no,no,DOWN,DOWN
1366,ZNF703,no,no,no,no,no,UP,UP
1367,SLIT3,no,no,no,no,no,UP,no
1368,EFNA5,no,no,no,no,no,DOWN,no
1369,PLA2G6,no,no,no,no,no,DOWN,no
1370,FAM110C,no,no,no,no,no,UP,no
1371,FLRT2,no,no,no,no,no,UP,no
1372,NRBP2,no,no,no,no,no,UP,no
1373,PPIL6,no,no,no,no,no,UP,UP
1374,TCN2,no,no,no,no,no,DOWN,DOWN
1375,GPRIN3,no,no,no,no,no,UP,no
1376,KRT79,no,no,no,no,no,UP,no
1377,NTF3,no,no,no,no,no,DOWN,no
1378,IFITM1,no,no,no,no,no,DOWN,no
1379,KLHDC8B,no,no,no,no,no,UP,no
1380,DLEU7,no,no,no,no,no,UP,no
1381,FOXD2,no,no,no,no,no,UP,no
1382,KIF24,no,no,no,no,no,UP,no
1383,SELENOV,no,no,no,no,no,DOWN,DOWN
1384,KLHL17,no,no,no,no,no,UP,no
1385,COL25A1,no,no,no,no,no,UP,no
1386,CFAP54,no,no,no,no,no,UP,no
1387,BEND4,no,no,no,no,no,DOWN,DOWN
1388,KCTD21,no,no,no,no,no,UP,no
1389,OR7E12P,no,no,no,no,no,DOWN,no
1390,SPATS2L,no,no,no,no,no,UP,UP
1391,SULF2,no,no,no,no,no,UP,UP
1392,ADA,no,no,no,no,no,DOWN,no
1393,C6orf141,no,no,no,no,no,DOWN,no
1394,LRP10,no,no,no,no,no,UP,no
1395,BCO2,no,no,no,no,no,UP,no
1396,NMB,no,no,no,no,no,UP,no
1397,FAM114A1,no,no,no,no,no,UP,no
1398,SOWAHC,no,no,no,no,no,UP,no
1399,ANKRD13B,no,no,no,no,no,UP,DOWN
1400,EGFL6,no,no,no,no,no,UP,no
1401,BRINP2,no,no,no,no,no,DOWN,no
1402,PRC1,no,no,no,no,no,UP,no
1403,RORB,no,no,no,no,no,DOWN,no
1404,GP1BB,no,no,no,no,no,UP,UP
1405,LINC02487,no,no,no,no,no,UP,UP
1406,SAMD5,no,no,no,no,no,UP,no
1407,LINC00632,no,no,no,no,no,UP,no
1408,MAFB,no,no,no,no,no,UP,no
1409,C2orf72,no,no,no,no,no,UP,no
1410,NALF1,no,no,no,no,no,DOWN,no
1411,CFAP95,no,no,no,no,no,UP,no
1412,LRRC10B,no,no,no,no,no,UP,no
1413,LGR4,no,no,no,no,no,DOWN,no
1414,FLRT2-AS1,no,no,no,no,no,UP,no
1415,RNF208,no,no,no,no,no,UP,no
1416,CFAP45,no,no,no,no,no,UP,no
1417,FIRRE,no,no,no,no,no,DOWN,no
1418,ITGA1,no,no,no,no,no,UP,no
1419,C17orf67,no,no,no,no,no,UP,no
1420,MEG3,no,no,no,no,no,DOWN,no
1421,MIR99AHG,no,no,no,no,no,UP,no
1422,RNU2-22P,no,no,no,no,no,DOWN,no
1423,LEMD1-DT,no,no,no,no,no,DOWN,no
1424,SFTA1P,no,no,no,no,no,DOWN,no
1425,ZNF385D-AS1,no,no,no,no,no,UP,no
1426,MIAT,no,no,no,no,no,DOWN,no
1427,ELFN1,no,no,no,no,no,UP,no
1428,C14orf132,no,no,no,no,no,UP,no
1429,LOC101927468,no,no,no,no,no,DOWN,no
1430,FNDC10,no,no,no,no,no,UP,DOWN
1431,DLEU2,no,no,no,no,no,UP,no
1432,GNG12-AS1,no,no,no,no,no,UP,no
1433,LINC00327,no,no,no,no,no,UP,no
1434,LINC00472,no,no,no,no,no,UP,no
1435,GIRGL,no,no,no,no,no,DOWN,no
1436,LINC01239,no,no,no,no,no,UP,no
1437,TMEM147-AS1,no,no,no,no,no,DOWN,no
1438,VLDLR-AS1,no,no,no,no,no,DOWN,no
1439,SIX3-AS1,no,no,no,no,no,UP,UP
1440,NR2F1-AS1,no,no,no,no,no,UP,no
1441,KCNH7-AS1,no,no,no,no,no,UP,no
1442,CELF2-AS2,no,no,no,no,no,UP,no
1443,LOC124901861,no,no,no,no,no,DOWN,no
1444,RPS2P5,no,no,no,no,no,DOWN,no
1445,LINC02082,no,no,no,no,no,UP,no
1446,JMJD7,no,no,no,no,no,UP,no
1447,SCARF2,no,no,no,no,no,UP,UP
1448,NEAT1,no,no,no,no,no,UP,no
1449,FAM111A-DT,no,no,no,no,no,DOWN,no
1450,LINC01252,no,no,no,no,no,UP,no
1451,HHIP-AS1,no,no,no,no,no,UP,no
1452,LINC01234,no,no,no,no,no,DOWN,no
1453,PCAT2,no,no,no,no,no,UP,no
1454,LINC02696,no,no,no,no,no,DOWN,no
1455,PGA5,no,no,no,no,no,UP,DOWN
1456,LINC02207,no,no,no,no,no,UP,UP
1457,DDX18P2,no,no,no,no,no,DOWN,no
1458,LOC101928266,no,no,no,no,no,UP,no
1459,CCDC177,no,no,no,no,no,DOWN,no
1460,TRABD2B,no,no,no,no,no,UP,no
1461,C2orf15,no,no,no,no,no,DOWN,no
1462,LOC283683,no,no,no,no,no,UP,no
1463,DGKK,no,no,no,no,no,UP,no
1464,PRAG1,no,no,no,no,no,DOWN,no
1465,CCDC92B,no,no,no,no,no,DOWN,DOWN
1466,BLACAT1,no,no,no,no,no,DOWN,no
1467,TSPAN6,no,no,no,no,no,no,UP
1468,KLHL13,no,no,no,no,no,no,UP
1469,CASP10,no,no,no,no,no,no,DOWN
1470,CFLAR,no,no,no,no,no,no,UP
1471,FKBP4,no,no,no,no,no,no,DOWN
1472,MCUB,no,no,no,no,no,no,UP
1473,TSPOAP1,no,no,no,no,no,no,UP
1474,SOX8,no,no,no,no,no,no,UP
1475,TMEM98,no,no,no,no,no,no,UP
1476,CX3CL1,no,no,no,no,no,no,UP
1477,NADK,no,no,no,no,no,no,DOWN
1478,DLEC1,no,no,no,no,no,no,UP
1479,CYB561,no,no,no,no,no,no,DOWN
1480,PLEKHG6,no,no,no,no,no,no,DOWN
1481,MAPK8IP2,no,no,no,no,no,no,DOWN
1482,TENM1,no,no,no,no,no,no,DOWN
1483,MRC2,no,no,no,no,no,no,UP
1484,GPRC5A,no,no,no,no,no,no,DOWN
1485,YAF2,no,no,no,no,no,no,UP
1486,DPEP1,no,no,no,no,no,no,DOWN
1487,HGF,no,no,no,no,no,no,DOWN
1488,FHL1,no,no,no,no,no,no,UP
1489,PLEKHO1,no,no,no,no,no,no,UP
1490,EHD2,no,no,no,no,no,no,DOWN
1491,CD44,no,no,no,no,no,no,DOWN
1492,GAB2,no,no,no,no,no,no,UP
1493,PIAS1,no,no,no,no,no,no,UP
1494,METTL1,no,no,no,no,no,no,DOWN
1495,RIPOR1,no,no,no,no,no,no,UP
1496,CNTLN,no,no,no,no,no,no,DOWN
1497,HDAC9,no,no,no,no,no,no,UP
1498,COL9A2,no,no,no,no,no,no,UP
1499,LAMC3,no,no,no,no,no,no,DOWN
1500,COL23A1,no,no,no,no,no,no,UP
1501,HOMER3,no,no,no,no,no,no,UP
1502,POLQ,no,no,no,no,no,no,DOWN
1503,FSTL4,no,no,no,no,no,no,DOWN
1504,ENTPD2,no,no,no,no,no,no,DOWN
1505,KCNH2,no,no,no,no,no,no,DOWN
1506,PKP2,no,no,no,no,no,no,UP
1507,CDK14,no,no,no,no,no,no,UP
1508,LZTS1,no,no,no,no,no,no,DOWN
1509,SEZ6,no,no,no,no,no,no,DOWN
1510,SLC6A16,no,no,no,no,no,no,UP
1511,NGFR,no,no,no,no,no,no,UP
1512,FAR2,no,no,no,no,no,no,DOWN
1513,ERBB3,no,no,no,no,no,no,DOWN
1514,PDIA5,no,no,no,no,no,no,DOWN
1515,PRKCQ,no,no,no,no,no,no,DOWN
1516,TLE2,no,no,no,no,no,no,UP
1517,MTHFD2,no,no,no,no,no,no,DOWN
1518,DIP2B,no,no,no,no,no,no,UP
1519,FGFR2,no,no,no,no,no,no,DOWN
1520,KIF26A,no,no,no,no,no,no,DOWN
1521,STAG3,no,no,no,no,no,no,DOWN
1522,PFKP,no,no,no,no,no,no,DOWN
1523,GUCY2C,no,no,no,no,no,no,DOWN
1524,MGAT4A,no,no,no,no,no,no,UP
1525,SLC6A15,no,no,no,no,no,no,DOWN
1526,ADGRL1,no,no,no,no,no,no,DOWN
1527,SREBF1,no,no,no,no,no,no,DOWN
1528,PALS1,no,no,no,no,no,no,UP
1529,ACAP1,no,no,no,no,no,no,DOWN
1530,SCARB1,no,no,no,no,no,no,DOWN
1531,NLE1,no,no,no,no,no,no,DOWN
1532,ST6GAL1,no,no,no,no,no,no,DOWN
1533,PPP2R2C,no,no,no,no,no,no,DOWN
1534,SNCB,no,no,no,no,no,no,DOWN
1535,CA12,no,no,no,no,no,no,DOWN
1536,ACAT1,no,no,no,no,no,no,DOWN
1537,ADD2,no,no,no,no,no,no,DOWN
1538,MOCOS,no,no,no,no,no,no,DOWN
1539,ATP12A,no,no,no,no,no,no,DOWN
1540,REXO2,no,no,no,no,no,no,DOWN
1541,RAP1GAP,no,no,no,no,no,no,DOWN
1542,PAK3,no,no,no,no,no,no,UP
1543,NAALAD2,no,no,no,no,no,no,UP
1544,RBFOX1,no,no,no,no,no,no,DOWN
1545,MYH7B,no,no,no,no,no,no,DOWN
1546,FKBP7,no,no,no,no,no,no,UP
1547,CARMIL1,no,no,no,no,no,no,DOWN
1548,RFX3,no,no,no,no,no,no,UP
1549,IGSF9B,no,no,no,no,no,no,DOWN
1550,CADPS2,no,no,no,no,no,no,DOWN
1551,ATP8B1,no,no,no,no,no,no,DOWN
1552,EFR3B,no,no,no,no,no,no,UP
1553,BCORL1,no,no,no,no,no,no,UP
1554,DDHD2,no,no,no,no,no,no,UP
1555,TTC39A,no,no,no,no,no,no,DOWN
1556,TXLNG,no,no,no,no,no,no,DOWN
1557,ALG9,no,no,no,no,no,no,UP
1558,ADAMTS2,no,no,no,no,no,no,DOWN
1559,GNAO1,no,no,no,no,no,no,DOWN
1560,NOS1,no,no,no,no,no,no,DOWN
1561,BLVRB,no,no,no,no,no,no,DOWN
1562,AARS1,no,no,no,no,no,no,DOWN
1563,PITPNM3,no,no,no,no,no,no,DOWN
1564,PHGDH,no,no,no,no,no,no,DOWN
1565,CDC45,no,no,no,no,no,no,DOWN
1566,CDC6,no,no,no,no,no,no,DOWN
1567,HOOK2,no,no,no,no,no,no,DOWN
1568,EPB41L4B,no,no,no,no,no,no,DOWN
1569,CYP26A1,no,no,no,no,no,no,DOWN
1570,MYO3A,no,no,no,no,no,no,DOWN
1571,ITPR3,no,no,no,no,no,no,DOWN
1572,PCSK5,no,no,no,no,no,no,UP
1573,PRTFDC1,no,no,no,no,no,no,UP
1574,KCNK6,no,no,no,no,no,no,DOWN
1575,EFNA2,no,no,no,no,no,no,UP
1576,SOX10,no,no,no,no,no,no,DOWN
1577,TTC28,no,no,no,no,no,no,UP
1578,CENPM,no,no,no,no,no,no,DOWN
1579,SEPTIN3,no,no,no,no,no,no,UP
1580,MCM5,no,no,no,no,no,no,DOWN
1581,ZC3H7B,no,no,no,no,no,no,UP
1582,KCNK10,no,no,no,no,no,no,UP
1583,GNPNAT1,no,no,no,no,no,no,DOWN
1584,PCK2,no,no,no,no,no,no,DOWN
1585,REC8,no,no,no,no,no,no,UP
1586,PROCR,no,no,no,no,no,no,DOWN
1587,CD40,no,no,no,no,no,no,DOWN
1588,SLCO4A1,no,no,no,no,no,no,DOWN
1589,NKAIN4,no,no,no,no,no,no,DOWN
1590,RASSF2,no,no,no,no,no,no,UP
1591,RSPO4,no,no,no,no,no,no,DOWN
1592,CCM2L,no,no,no,no,no,no,DOWN
1593,HCK,no,no,no,no,no,no,DOWN
1594,SAMHD1,no,no,no,no,no,no,DOWN
1595,MROH8,no,no,no,no,no,no,UP
1596,E2F1,no,no,no,no,no,no,DOWN
1597,MID1,no,no,no,no,no,no,UP
1598,CD99L2,no,no,no,no,no,no,UP
1599,TNFSF13B,no,no,no,no,no,no,UP
1600,CBLN1,no,no,no,no,no,no,DOWN
1601,ESRP2,no,no,no,no,no,no,DOWN
1602,PYCARD,no,no,no,no,no,no,DOWN
1603,TNFRSF10A,no,no,no,no,no,no,DOWN
1604,MCM4,no,no,no,no,no,no,DOWN
1605,PPP1R13L,no,no,no,no,no,no,DOWN
1606,NOVA2,no,no,no,no,no,no,UP
1607,OLFM2,no,no,no,no,no,no,DOWN
1608,SLC1A5,no,no,no,no,no,no,DOWN
1609,BBC3,no,no,no,no,no,no,DOWN
1610,KCNN1,no,no,no,no,no,no,DOWN
1611,CADM4,no,no,no,no,no,no,UP
1612,PON2,no,no,no,no,no,no,UP
1613,DNAH11,no,no,no,no,no,no,DOWN
1614,GSDME,no,no,no,no,no,no,UP
1615,PTPRZ1,no,no,no,no,no,no,DOWN
1616,MEST,no,no,no,no,no,no,UP
1617,ANKMY2,no,no,no,no,no,no,UP
1618,TSPAN13,no,no,no,no,no,no,UP
1619,CNTNAP3,no,no,no,no,no,no,DOWN
1620,PRUNE2,no,no,no,no,no,no,DOWN
1621,SUSD1,no,no,no,no,no,no,UP
1622,NCS1,no,no,no,no,no,no,UP
1623,PTGDS,no,no,no,no,no,no,DOWN
1624,PDLIM1,no,no,no,no,no,no,DOWN
1625,GATA3,no,no,no,no,no,no,UP
1626,CUBN,no,no,no,no,no,no,UP
1627,CPEB3,no,no,no,no,no,no,UP
1628,SORCS1,no,no,no,no,no,no,UP
1629,CCDC6,no,no,no,no,no,no,DOWN
1630,DHX58,no,no,no,no,no,no,DOWN
1631,ABI3,no,no,no,no,no,no,DOWN
1632,MAP2K6,no,no,no,no,no,no,UP
1633,VTN,no,no,no,no,no,no,UP
1634,TBC1D9,no,no,no,no,no,no,UP
1635,SNX25,no,no,no,no,no,no,UP
1636,LRP2BP,no,no,no,no,no,no,UP
1637,KLF3,no,no,no,no,no,no,UP
1638,KLHL5,no,no,no,no,no,no,UP
1639,UGDH,no,no,no,no,no,no,UP
1640,P2RX3,no,no,no,no,no,no,UP
1641,UNC93B1,no,no,no,no,no,no,DOWN
1642,ARHGEF17,no,no,no,no,no,no,UP
1643,CARS1,no,no,no,no,no,no,DOWN
1644,EXPH5,no,no,no,no,no,no,DOWN
1645,PPM1H,no,no,no,no,no,no,DOWN
1646,ELK3,no,no,no,no,no,no,DOWN
1647,FZD10,no,no,no,no,no,no,DOWN
1648,ADGRD1,no,no,no,no,no,no,DOWN
1649,CHPT1,no,no,no,no,no,no,DOWN
1650,NT5DC3,no,no,no,no,no,no,DOWN
1651,HCFC2,no,no,no,no,no,no,UP
1652,ST8SIA1,no,no,no,no,no,no,UP
1653,NCOA7,no,no,no,no,no,no,DOWN
1654,CD83,no,no,no,no,no,no,UP
1655,CAP2,no,no,no,no,no,no,UP
1656,CRYBG1,no,no,no,no,no,no,DOWN
1657,SLC16A10,no,no,no,no,no,no,DOWN
1658,PDE10A,no,no,no,no,no,no,UP
1659,CUL9,no,no,no,no,no,no,UP
1660,TENT5A,no,no,no,no,no,no,DOWN
1661,SEMA5A,no,no,no,no,no,no,UP
1662,NME5,no,no,no,no,no,no,UP
1663,RASGRF2,no,no,no,no,no,no,UP
1664,ST8SIA4,no,no,no,no,no,no,UP
1665,MACROH2A1,no,no,no,no,no,no,UP
1666,UNC5A,no,no,no,no,no,no,DOWN
1667,CNTN3,no,no,no,no,no,no,UP
1668,RBP1,no,no,no,no,no,no,UP
1669,CBLB,no,no,no,no,no,no,UP
1670,C3orf52,no,no,no,no,no,no,DOWN
1671,EFCC1,no,no,no,no,no,no,UP
1672,DNAH1,no,no,no,no,no,no,UP
1673,FOXP1,no,no,no,no,no,no,UP
1674,TFCP2L1,no,no,no,no,no,no,DOWN
1675,SLC30A3,no,no,no,no,no,no,DOWN
1676,GRB14,no,no,no,no,no,no,DOWN
1677,CLIP4,no,no,no,no,no,no,UP
1678,DNAH6,no,no,no,no,no,no,UP
1679,ST3GAL5,no,no,no,no,no,no,UP
1680,FHL2,no,no,no,no,no,no,DOWN
1681,MLPH,no,no,no,no,no,no,DOWN
1682,ODC1,no,no,no,no,no,no,UP
1683,PAPPA2,no,no,no,no,no,no,DOWN
1684,OPRD1,no,no,no,no,no,no,UP
1685,KCNC4,no,no,no,no,no,no,DOWN
1686,C1orf21,no,no,no,no,no,no,DOWN
1687,WLS,no,no,no,no,no,no,UP
1688,TTF2,no,no,no,no,no,no,DOWN
1689,OSCP1,no,no,no,no,no,no,UP
1690,LGALS8,no,no,no,no,no,no,UP
1691,ST6GALNAC5,no,no,no,no,no,no,UP
1692,CR2,no,no,no,no,no,no,DOWN
1693,ARTN,no,no,no,no,no,no,DOWN
1694,PLPPR5,no,no,no,no,no,no,DOWN
1695,PROX1,no,no,no,no,no,no,UP
1696,CHRNB4,no,no,no,no,no,no,DOWN
1697,ELOVL4,no,no,no,no,no,no,UP
1698,FILIP1,no,no,no,no,no,no,DOWN
1699,MYB,no,no,no,no,no,no,DOWN
1700,CCND2,no,no,no,no,no,no,UP
1701,DENND1A,no,no,no,no,no,no,UP
1702,ONECUT2,no,no,no,no,no,no,DOWN
1703,IFI27L2,no,no,no,no,no,no,UP
1704,KLHL29,no,no,no,no,no,no,DOWN
1705,CNRIP1,no,no,no,no,no,no,UP
1706,PCDHB14,no,no,no,no,no,no,UP
1707,MASTL,no,no,no,no,no,no,DOWN
1708,ENOX1,no,no,no,no,no,no,UP
1709,TNFSF11,no,no,no,no,no,no,DOWN
1710,ZFP30,no,no,no,no,no,no,UP
1711,CLU,no,no,no,no,no,no,DOWN
1712,PLBD1,no,no,no,no,no,no,DOWN
1713,DEPDC7,no,no,no,no,no,no,DOWN
1714,TNFSF10,no,no,no,no,no,no,DOWN
1715,UBL3,no,no,no,no,no,no,UP
1716,FYTTD1,no,no,no,no,no,no,UP
1717,PRXL2A,no,no,no,no,no,no,UP
1718,SPATA1,no,no,no,no,no,no,UP
1719,NPY,no,no,no,no,no,no,UP
1720,FKBP9,no,no,no,no,no,no,UP
1721,NECAB1,no,no,no,no,no,no,DOWN
1722,B9D2,no,no,no,no,no,no,UP
1723,CTCFL,no,no,no,no,no,no,DOWN
1724,GDAP1L1,no,no,no,no,no,no,DOWN
1725,CHST8,no,no,no,no,no,no,DOWN
1726,PACSIN1,no,no,no,no,no,no,DOWN
1727,NQO2,no,no,no,no,no,no,DOWN
1728,COL21A1,no,no,no,no,no,no,UP
1729,MT1G,no,no,no,no,no,no,DOWN
1730,GRIA3,no,no,no,no,no,no,UP
1731,SH2D3A,no,no,no,no,no,no,DOWN
1732,TMEM74B,no,no,no,no,no,no,DOWN
1733,ID1,no,no,no,no,no,no,DOWN
1734,FAM78A,no,no,no,no,no,no,DOWN
1735,TIMM8A,no,no,no,no,no,no,DOWN
1736,ATP13A4,no,no,no,no,no,no,UP
1737,IDUA,no,no,no,no,no,no,UP
1738,SYNGR3,no,no,no,no,no,no,DOWN
1739,WFIKKN1,no,no,no,no,no,no,UP
1740,TUBA4A,no,no,no,no,no,no,DOWN
1741,TMOD2,no,no,no,no,no,no,UP
1742,CHAC1,no,no,no,no,no,no,DOWN
1743,MTUS1,no,no,no,no,no,no,DOWN
1744,SEC14L1,no,no,no,no,no,no,UP
1745,ARHGEF6,no,no,no,no,no,no,DOWN
1746,LRCH2,no,no,no,no,no,no,UP
1747,ATP8B3,no,no,no,no,no,no,DOWN
1748,KIF1A,no,no,no,no,no,no,DOWN
1749,BST2,no,no,no,no,no,no,DOWN
1750,RTN4IP1,no,no,no,no,no,no,DOWN
1751,ZSWIM6,no,no,no,no,no,no,UP
1752,OLFM1,no,no,no,no,no,no,DOWN
1753,FIBCD1,no,no,no,no,no,no,DOWN
1754,ARHGEF16,no,no,no,no,no,no,DOWN
1755,THEMIS2,no,no,no,no,no,no,DOWN
1756,SHFL,no,no,no,no,no,no,DOWN
1757,ZNF331,no,no,no,no,no,no,DOWN
1758,CASZ1,no,no,no,no,no,no,UP
1759,PRRG1,no,no,no,no,no,no,DOWN
1760,ZNF428,no,no,no,no,no,no,UP
1761,RFTN1,no,no,no,no,no,no,UP
1762,RAMP2,no,no,no,no,no,no,UP
1763,TRAF7,no,no,no,no,no,no,DOWN
1764,PER2,no,no,no,no,no,no,UP
1765,RGS22,no,no,no,no,no,no,UP
1766,HSPA12B,no,no,no,no,no,no,DOWN
1767,RIN2,no,no,no,no,no,no,UP
1768,SYT11,no,no,no,no,no,no,UP
1769,TESMIN,no,no,no,no,no,no,DOWN
1770,KANK4,no,no,no,no,no,no,UP
1771,WASF3,no,no,no,no,no,no,UP
1772,CHRM3,no,no,no,no,no,no,DOWN
1773,EPHB2,no,no,no,no,no,no,UP
1774,PDZD2,no,no,no,no,no,no,DOWN
1775,LARGE1,no,no,no,no,no,no,DOWN
1776,SPINK5,no,no,no,no,no,no,DOWN
1777,MICAL2,no,no,no,no,no,no,DOWN
1778,HMGCS2,no,no,no,no,no,no,UP
1779,NOTCH2,no,no,no,no,no,no,UP
1780,GRHL1,no,no,no,no,no,no,UP
1781,IAH1,no,no,no,no,no,no,UP
1782,IL6ST,no,no,no,no,no,no,UP
1783,YARS1,no,no,no,no,no,no,DOWN
1784,NREP,no,no,no,no,no,no,UP
1785,ANXA1,no,no,no,no,no,no,UP
1786,BICDL1,no,no,no,no,no,no,DOWN
1787,DTX1,no,no,no,no,no,no,UP
1788,CCDC146,no,no,no,no,no,no,UP
1789,ADGRB3,no,no,no,no,no,no,UP
1790,ANKRD6,no,no,no,no,no,no,UP
1791,RNASEL,no,no,no,no,no,no,UP
1792,USP44,no,no,no,no,no,no,DOWN
1793,PLXNC1,no,no,no,no,no,no,UP
1794,EDNRB,no,no,no,no,no,no,DOWN
1795,ALPK3,no,no,no,no,no,no,UP
1796,VEZF1,no,no,no,no,no,no,UP
1797,DSCC1,no,no,no,no,no,no,DOWN
1798,FOXP4,no,no,no,no,no,no,UP
1799,SULF1,no,no,no,no,no,no,UP
1800,PLCB2,no,no,no,no,no,no,DOWN
1801,RABGGTB,no,no,no,no,no,no,DOWN
1802,DYNC2LI1,no,no,no,no,no,no,UP
1803,CYP1B1,no,no,no,no,no,no,DOWN
1804,TRIM54,no,no,no,no,no,no,DOWN
1805,KIF20B,no,no,no,no,no,no,DOWN
1806,CDK15,no,no,no,no,no,no,DOWN
1807,HECW2,no,no,no,no,no,no,UP
1808,MNS1,no,no,no,no,no,no,DOWN
1809,FGF5,no,no,no,no,no,no,UP
1810,FGF2,no,no,no,no,no,no,DOWN
1811,BMPR1B,no,no,no,no,no,no,UP
1812,FRAS1,no,no,no,no,no,no,DOWN
1813,CCNG2,no,no,no,no,no,no,UP
1814,USO1,no,no,no,no,no,no,DOWN
1815,ENPEP,no,no,no,no,no,no,UP
1816,LEF1,no,no,no,no,no,no,UP
1817,N4BP2L1,no,no,no,no,no,no,DOWN
1818,GALNT6,no,no,no,no,no,no,DOWN
1819,CSAD,no,no,no,no,no,no,UP
1820,MORN3,no,no,no,no,no,no,UP
1821,GRTP1,no,no,no,no,no,no,DOWN
1822,NOVA1,no,no,no,no,no,no,UP
1823,ARMH4,no,no,no,no,no,no,UP
1824,FGF7,no,no,no,no,no,no,UP
1825,PIF1,no,no,no,no,no,no,DOWN
1826,USP3,no,no,no,no,no,no,UP
1827,WDR93,no,no,no,no,no,no,UP
1828,TICRR,no,no,no,no,no,no,DOWN
1829,MCTP2,no,no,no,no,no,no,DOWN
1830,SH3GL3,no,no,no,no,no,no,DOWN
1831,PMM2,no,no,no,no,no,no,DOWN
1832,CDR2,no,no,no,no,no,no,DOWN
1833,CHST4,no,no,no,no,no,no,DOWN
1834,CMTM3,no,no,no,no,no,no,UP
1835,AFG3L2,no,no,no,no,no,no,DOWN
1836,RAB40B,no,no,no,no,no,no,UP
1837,CBX8,no,no,no,no,no,no,UP
1838,ELAC1,no,no,no,no,no,no,UP
1839,TNFRSF11A,no,no,no,no,no,no,DOWN
1840,CACNA1A,no,no,no,no,no,no,UP
1841,DOP1B,no,no,no,no,no,no,UP
1842,CBLC,no,no,no,no,no,no,DOWN
1843,C1orf94,no,no,no,no,no,no,DOWN
1844,WDTC1,no,no,no,no,no,no,UP
1845,GPR161,no,no,no,no,no,no,UP
1846,CRABP2,no,no,no,no,no,no,DOWN
1847,SMYD2,no,no,no,no,no,no,UP
1848,KCNN3,no,no,no,no,no,no,UP
1849,MAP3K21,no,no,no,no,no,no,DOWN
1850,LEFTY2,no,no,no,no,no,no,UP
1851,NPHP1,no,no,no,no,no,no,UP
1852,RABL2A,no,no,no,no,no,no,UP
1853,AFF3,no,no,no,no,no,no,UP
1854,CDCA7,no,no,no,no,no,no,DOWN
1855,CPNE9,no,no,no,no,no,no,DOWN
1856,MARCHF4,no,no,no,no,no,no,DOWN
1857,IGSF11,no,no,no,no,no,no,UP
1858,CAMK2D,no,no,no,no,no,no,UP
1859,TIFA,no,no,no,no,no,no,UP
1860,MYO10,no,no,no,no,no,no,UP
1861,UGT3A1,no,no,no,no,no,no,DOWN
1862,PIK3R1,no,no,no,no,no,no,UP
1863,LHFPL2,no,no,no,no,no,no,DOWN
1864,PAM,no,no,no,no,no,no,UP
1865,CPLX2,no,no,no,no,no,no,DOWN
1866,GFOD1,no,no,no,no,no,no,DOWN
1867,PLA2G7,no,no,no,no,no,no,DOWN
1868,HMGCLL1,no,no,no,no,no,no,UP
1869,TPBG,no,no,no,no,no,no,UP
1870,SLC18B1,no,no,no,no,no,no,DOWN
1871,SDK1,no,no,no,no,no,no,DOWN
1872,CDCA5,no,no,no,no,no,no,DOWN
1873,DENND2A,no,no,no,no,no,no,UP
1874,LPAR4,no,no,no,no,no,no,DOWN
1875,DOCK11,no,no,no,no,no,no,DOWN
1876,MFHAS1,no,no,no,no,no,no,DOWN
1877,DOCK5,no,no,no,no,no,no,DOWN
1878,GINS4,no,no,no,no,no,no,DOWN
1879,NDUFB9,no,no,no,no,no,no,DOWN
1880,GSN,no,no,no,no,no,no,UP
1881,FAM13C,no,no,no,no,no,no,UP
1882,HTR7,no,no,no,no,no,no,DOWN
1883,VAX1,no,no,no,no,no,no,UP
1884,TCF7L2,no,no,no,no,no,no,UP
1885,SLC43A1,no,no,no,no,no,no,DOWN
1886,TENM4,no,no,no,no,no,no,UP
1887,PLCB3,no,no,no,no,no,no,DOWN
1888,CTF1,no,no,no,no,no,no,UP
1889,DIXDC1,no,no,no,no,no,no,UP
1890,MAT1A,no,no,no,no,no,no,DOWN
1891,MBIP,no,no,no,no,no,no,UP
1892,ADAMTS12,no,no,no,no,no,no,UP
1893,PTPRO,no,no,no,no,no,no,UP
1894,MFSD6,no,no,no,no,no,no,UP
1895,SERP2,no,no,no,no,no,no,UP
1896,FBXO4,no,no,no,no,no,no,UP
1897,GLT1D1,no,no,no,no,no,no,UP
1898,AP1S3,no,no,no,no,no,no,DOWN
1899,ASTN1,no,no,no,no,no,no,UP
1900,PSTPIP2,no,no,no,no,no,no,UP
1901,ZSCAN1,no,no,no,no,no,no,UP
1902,ZFP36L2,no,no,no,no,no,no,UP
1903,RASSF3,no,no,no,no,no,no,DOWN
1904,ZNF599,no,no,no,no,no,no,UP
1905,DNAAF1,no,no,no,no,no,no,UP
1906,C16orf74,no,no,no,no,no,no,DOWN
1907,ROBO3,no,no,no,no,no,no,DOWN
1908,RETREG1,no,no,no,no,no,no,UP
1909,FAM167A,no,no,no,no,no,no,UP
1910,PDLIM3,no,no,no,no,no,no,DOWN
1911,CHODL,no,no,no,no,no,no,DOWN
1912,FGD5,no,no,no,no,no,no,DOWN
1913,PLCL2,no,no,no,no,no,no,DOWN
1914,APCDD1,no,no,no,no,no,no,UP
1915,ACSS1,no,no,no,no,no,no,DOWN
1916,USP25,no,no,no,no,no,no,DOWN
1917,FZD7,no,no,no,no,no,no,DOWN
1918,PPARGC1B,no,no,no,no,no,no,DOWN
1919,KIF5A,no,no,no,no,no,no,DOWN
1920,CDK20,no,no,no,no,no,no,UP
1921,UNC5D,no,no,no,no,no,no,DOWN
1922,FBRS,no,no,no,no,no,no,UP
1923,TATDN2,no,no,no,no,no,no,DOWN
1924,RBPMS,no,no,no,no,no,no,DOWN
1925,SUSD3,no,no,no,no,no,no,DOWN
1926,KCNJ15,no,no,no,no,no,no,DOWN
1927,DGKI,no,no,no,no,no,no,UP
1928,TMEM268,no,no,no,no,no,no,DOWN
1929,RHPN1,no,no,no,no,no,no,UP
1930,ABHD3,no,no,no,no,no,no,DOWN
1931,SLC13A3,no,no,no,no,no,no,DOWN
1932,SLC45A3,no,no,no,no,no,no,DOWN
1933,CDA,no,no,no,no,no,no,DOWN
1934,CSRP1,no,no,no,no,no,no,UP
1935,SCUBE1,no,no,no,no,no,no,UP
1936,RGS12,no,no,no,no,no,no,UP
1937,ZNF362,no,no,no,no,no,no,UP
1938,FNDC5,no,no,no,no,no,no,UP
1939,CPAMD8,no,no,no,no,no,no,UP
1940,AGPAT3,no,no,no,no,no,no,UP
1941,TLCD1,no,no,no,no,no,no,DOWN
1942,ZBTB7B,no,no,no,no,no,no,DOWN
1943,RECQL4,no,no,no,no,no,no,DOWN
1944,ORAI2,no,no,no,no,no,no,UP
1945,CCDC78,no,no,no,no,no,no,DOWN
1946,AMDHD2,no,no,no,no,no,no,DOWN
1947,SHANK2,no,no,no,no,no,no,DOWN
1948,BEND5,no,no,no,no,no,no,UP
1949,ELAVL4,no,no,no,no,no,no,UP
1950,PLPP3,no,no,no,no,no,no,DOWN
1951,PDPN,no,no,no,no,no,no,DOWN
1952,WNT4,no,no,no,no,no,no,DOWN
1953,NEXN,no,no,no,no,no,no,UP
1954,HFM1,no,no,no,no,no,no,UP
1955,LMX1A,no,no,no,no,no,no,UP
1956,SANBR,no,no,no,no,no,no,UP
1957,CLHC1,no,no,no,no,no,no,UP
1958,DUSP19,no,no,no,no,no,no,UP
1959,SLC16A14,no,no,no,no,no,no,UP
1960,CFAP221,no,no,no,no,no,no,UP
1961,BBS5,no,no,no,no,no,no,UP
1962,TMEM169,no,no,no,no,no,no,UP
1963,TGFBR2,no,no,no,no,no,no,UP
1964,NFASC,no,no,no,no,no,no,DOWN
1965,CCDC191,no,no,no,no,no,no,UP
1966,CDS1,no,no,no,no,no,no,DOWN
1967,ADAMTS9,no,no,no,no,no,no,UP
1968,DNALI1,no,no,no,no,no,no,UP
1969,CAMK2N2,no,no,no,no,no,no,DOWN
1970,TKT,no,no,no,no,no,no,DOWN
1971,ZNF589,no,no,no,no,no,no,DOWN
1972,CAMKV,no,no,no,no,no,no,DOWN
1973,ELOVL7,no,no,no,no,no,no,DOWN
1974,SPINK1,no,no,no,no,no,no,DOWN
1975,ERAP2,no,no,no,no,no,no,DOWN
1976,TERT,no,no,no,no,no,no,DOWN
1977,KCNK5,no,no,no,no,no,no,DOWN
1978,SLC29A4,no,no,no,no,no,no,UP
1979,ADCY1,no,no,no,no,no,no,DOWN
1980,EN2,no,no,no,no,no,no,UP
1981,KCNV1,no,no,no,no,no,no,DOWN
1982,FOXK1,no,no,no,no,no,no,UP
1983,SYK,no,no,no,no,no,no,DOWN
1984,KIF27,no,no,no,no,no,no,UP
1985,ZHX1,no,no,no,no,no,no,UP
1986,METTL27,no,no,no,no,no,no,DOWN
1987,MID1IP1,no,no,no,no,no,no,DOWN
1988,PHYHIPL,no,no,no,no,no,no,UP
1989,CRYL1,no,no,no,no,no,no,UP
1990,DEPP1,no,no,no,no,no,no,DOWN
1991,ZNF22-AS1,no,no,no,no,no,no,UP
1992,BEND7,no,no,no,no,no,no,UP
1993,SPACA9,no,no,no,no,no,no,UP
1994,RET,no,no,no,no,no,no,DOWN
1995,TRMT61A,no,no,no,no,no,no,DOWN
1996,SCN3B,no,no,no,no,no,no,UP
1997,LMO1,no,no,no,no,no,no,DOWN
1998,WDR72,no,no,no,no,no,no,DOWN
1999,C16orf46,no,no,no,no,no,no,UP
2000,HTR3A,no,no,no,no,no,no,DOWN
2001,RBPMS2,no,no,no,no,no,no,DOWN
2002,GLYATL1,no,no,no,no,no,no,DOWN
2003,ELFN2,no,no,no,no,no,no,DOWN
2004,SMAD3,no,no,no,no,no,no,UP
2005,PIP5KL1,no,no,no,no,no,no,DOWN
2006,RBFOX3,no,no,no,no,no,no,DOWN
2007,CA4,no,no,no,no,no,no,UP
2008,CORO6,no,no,no,no,no,no,DOWN
2009,TUBA1A,no,no,no,no,no,no,UP
2010,AXL,no,no,no,no,no,no,UP
2011,MFSD3,no,no,no,no,no,no,DOWN
2012,KLK1,no,no,no,no,no,no,DOWN
2013,ANGPTL4,no,no,no,no,no,no,UP
2014,HID1,no,no,no,no,no,no,UP
2015,TK1,no,no,no,no,no,no,DOWN
2016,SLC3A2,no,no,no,no,no,no,DOWN
2017,PXK,no,no,no,no,no,no,UP
2018,MLKL,no,no,no,no,no,no,DOWN
2019,RAB31,no,no,no,no,no,no,DOWN
2020,ATOH8,no,no,no,no,no,no,UP
2021,ENHO,no,no,no,no,no,no,DOWN
2022,INPP5D,no,no,no,no,no,no,DOWN
2023,CCDC126,no,no,no,no,no,no,UP
2024,THBS3,no,no,no,no,no,no,UP
2025,PTAFR,no,no,no,no,no,no,DOWN
2026,RASSF6,no,no,no,no,no,no,DOWN
2027,AGPAT2,no,no,no,no,no,no,DOWN
2028,NLGN1,no,no,no,no,no,no,UP
2029,PUSL1,no,no,no,no,no,no,DOWN
2030,RNF150,no,no,no,no,no,no,UP
2031,TMC7,no,no,no,no,no,no,UP
2032,IRX1,no,no,no,no,no,no,DOWN
2033,EMB,no,no,no,no,no,no,DOWN
2034,DLGAP1,no,no,no,no,no,no,DOWN
2035,ZNF296,no,no,no,no,no,no,DOWN
2036,CYTL1,no,no,no,no,no,no,UP
2037,ATP6V0E2,no,no,no,no,no,no,UP
2038,CDC42BPG,no,no,no,no,no,no,DOWN
2039,FAM241B,no,no,no,no,no,no,UP
2040,LRG1,no,no,no,no,no,no,DOWN
2041,PDE7B,no,no,no,no,no,no,UP
2042,PAH,no,no,no,no,no,no,DOWN
2043,UTF1,no,no,no,no,no,no,DOWN
2044,CYCS,no,no,no,no,no,no,DOWN
2045,B3GALT1,no,no,no,no,no,no,DOWN
2046,MCRIP2,no,no,no,no,no,no,DOWN
2047,SNTG2,no,no,no,no,no,no,DOWN
2048,RAB37,no,no,no,no,no,no,UP
2049,RARG,no,no,no,no,no,no,DOWN
2050,VANGL1,no,no,no,no,no,no,UP
2051,CSPG4,no,no,no,no,no,no,DOWN
2052,ADGRG2,no,no,no,no,no,no,DOWN
2053,WFIKKN2,no,no,no,no,no,no,DOWN
2054,KCNH6,no,no,no,no,no,no,DOWN
2055,SLCO4C1,no,no,no,no,no,no,DOWN
2056,CEP19,no,no,no,no,no,no,UP
2057,IL20RB,no,no,no,no,no,no,DOWN
2058,SLCO2A1,no,no,no,no,no,no,DOWN
2059,SEZ6L2,no,no,no,no,no,no,DOWN
2060,ASPHD1,no,no,no,no,no,no,DOWN
2061,FUT1,no,no,no,no,no,no,DOWN
2062,TMEM51-AS1,no,no,no,no,no,no,DOWN
2063,TP53I11,no,no,no,no,no,no,DOWN
2064,ARL10,no,no,no,no,no,no,UP
2065,ERCC6L2-AS1,no,no,no,no,no,no,UP
2066,LRRN1,no,no,no,no,no,no,DOWN
2067,DENND2C,no,no,no,no,no,no,DOWN
2068,GJC3,no,no,no,no,no,no,DOWN
2069,RIMS2,no,no,no,no,no,no,DOWN
2070,VPS37D,no,no,no,no,no,no,UP
2071,PLAAT3,no,no,no,no,no,no,DOWN
2072,SOX11,no,no,no,no,no,no,UP
2073,FUT2,no,no,no,no,no,no,DOWN
2074,SCN4B,no,no,no,no,no,no,DOWN
2075,EPS8L2,no,no,no,no,no,no,DOWN
2076,TALDO1,no,no,no,no,no,no,DOWN
2077,TRIM72,no,no,no,no,no,no,DOWN
2078,NAALADL2,no,no,no,no,no,no,UP
2079,CCDC184,no,no,no,no,no,no,UP
2080,ALS2CL,no,no,no,no,no,no,DOWN
2081,PPP1R42,no,no,no,no,no,no,UP
2082,RPP25,no,no,no,no,no,no,DOWN
2083,CPNE7,no,no,no,no,no,no,DOWN
2084,TMEM52,no,no,no,no,no,no,DOWN
2085,APOLD1,no,no,no,no,no,no,UP
2086,TMEM125,no,no,no,no,no,no,DOWN
2087,LDLRAD3,no,no,no,no,no,no,UP
2088,CATSPERE,no,no,no,no,no,no,UP
2089,SERTAD2,no,no,no,no,no,no,UP
2090,RNF227,no,no,no,no,no,no,UP
2091,CAPS2,no,no,no,no,no,no,UP
2092,AEN,no,no,no,no,no,no,DOWN
2093,RPH3AL,no,no,no,no,no,no,UP
2094,ZBTB20,no,no,no,no,no,no,UP
2095,AMIGO1,no,no,no,no,no,no,UP
2096,IDH2,no,no,no,no,no,no,UP
2097,UNC5C,no,no,no,no,no,no,UP
2098,SHMT2,no,no,no,no,no,no,DOWN
2099,GABRG3,no,no,no,no,no,no,UP
2100,TSHZ2,no,no,no,no,no,no,UP
2101,GALNT9,no,no,no,no,no,no,DOWN
2102,BCOR,no,no,no,no,no,no,DOWN
2103,MEX3B,no,no,no,no,no,no,UP
2104,NOG,no,no,no,no,no,no,UP
2105,CHEK2,no,no,no,no,no,no,DOWN
2106,BTBD9,no,no,no,no,no,no,UP
2107,PRKX,no,no,no,no,no,no,DOWN
2108,TBX1,no,no,no,no,no,no,UP
2109,NR2C2AP,no,no,no,no,no,no,DOWN
2110,PCDH9,no,no,no,no,no,no,UP
2111,PRKD1,no,no,no,no,no,no,UP
2112,ZDHHC23,no,no,no,no,no,no,DOWN
2113,FOXO4,no,no,no,no,no,no,DOWN
2114,TMEM255B,no,no,no,no,no,no,DOWN
2115,SLITRK6,no,no,no,no,no,no,UP
2116,FAM227A,no,no,no,no,no,no,UP
2117,ANKS1B,no,no,no,no,no,no,UP
2118,IFITM2,no,no,no,no,no,no,UP
2119,SOCS1,no,no,no,no,no,no,DOWN
2120,GAS2L1,no,no,no,no,no,no,UP
2121,HS6ST3,no,no,no,no,no,no,DOWN
2122,LSAMP,no,no,no,no,no,no,UP
2123,SYN3,no,no,no,no,no,no,DOWN
2124,NRG3,no,no,no,no,no,no,UP
2125,C11orf87,no,no,no,no,no,no,DOWN
2126,SAPCD2,no,no,no,no,no,no,DOWN
2127,GABRA5,no,no,no,no,no,no,DOWN
2128,RXRA,no,no,no,no,no,no,UP
2129,CYP4X1,no,no,no,no,no,no,DOWN
2130,CCDC30,no,no,no,no,no,no,UP
2131,GNG2,no,no,no,no,no,no,UP
2132,MPPED1,no,no,no,no,no,no,UP
2133,EMID1,no,no,no,no,no,no,UP
2134,ESPN,no,no,no,no,no,no,DOWN
2135,TEAD1,no,no,no,no,no,no,UP
2136,PLCD1,no,no,no,no,no,no,UP
2137,TSPYL4,no,no,no,no,no,no,UP
2138,SESTD1,no,no,no,no,no,no,UP
2139,LUZP2,no,no,no,no,no,no,DOWN
2140,FANCA,no,no,no,no,no,no,DOWN
2141,EIF4EBP1,no,no,no,no,no,no,DOWN
2142,FYB2,no,no,no,no,no,no,DOWN
2143,WNT7B,no,no,no,no,no,no,DOWN
2144,JAKMIP3,no,no,no,no,no,no,DOWN
2145,FSIP2,no,no,no,no,no,no,UP
2146,HMX2,no,no,no,no,no,no,DOWN
2147,LOC400499,no,no,no,no,no,no,DOWN
2148,RNFT1,no,no,no,no,no,no,UP
2149,C15orf61,no,no,no,no,no,no,UP
2150,FAM53B,no,no,no,no,no,no,UP
2151,KIF19,no,no,no,no,no,no,DOWN
2152,GTF2IRD2,no,no,no,no,no,no,UP
2153,SUPT3H,no,no,no,no,no,no,UP
2154,NLGN3,no,no,no,no,no,no,UP
2155,NTNG2,no,no,no,no,no,no,DOWN
2156,FUT4,no,no,no,no,no,no,DOWN
2157,SLC6A9,no,no,no,no,no,no,DOWN
2158,MAN2A2,no,no,no,no,no,no,UP
2159,XRCC2,no,no,no,no,no,no,DOWN
2160,IFT70B,no,no,no,no,no,no,UP
2161,MVB12B,no,no,no,no,no,no,UP
2162,SRGAP1,no,no,no,no,no,no,UP
2163,ZNF763,no,no,no,no,no,no,UP
2164,PIWIL2,no,no,no,no,no,no,UP
2165,ZNF165,no,no,no,no,no,no,DOWN
2166,UAP1L1,no,no,no,no,no,no,DOWN
2167,DACT3,no,no,no,no,no,no,UP
2168,VEPH1,no,no,no,no,no,no,DOWN
2169,COL13A1,no,no,no,no,no,no,DOWN
2170,GALP,no,no,no,no,no,no,UP
2171,IFT70A,no,no,no,no,no,no,UP
2172,ZNF624,no,no,no,no,no,no,UP
2173,ENPP1,no,no,no,no,no,no,DOWN
2174,DPP4,no,no,no,no,no,no,DOWN
2175,PARVA,no,no,no,no,no,no,UP
2176,MAP1LC3C,no,no,no,no,no,no,DOWN
2177,KLHDC1,no,no,no,no,no,no,UP
2178,INKA2,no,no,no,no,no,no,DOWN
2179,ADAMTSL2,no,no,no,no,no,no,DOWN
2180,SGTB,no,no,no,no,no,no,DOWN
2181,MBP,no,no,no,no,no,no,DOWN
2182,SVIP,no,no,no,no,no,no,UP
2183,SULT1C2,no,no,no,no,no,no,DOWN
2184,ARMH1,no,no,no,no,no,no,UP
2185,C2CD4A,no,no,no,no,no,no,DOWN
2186,WDHD1,no,no,no,no,no,no,DOWN
2187,MMP17,no,no,no,no,no,no,DOWN
2188,BAZ1A,no,no,no,no,no,no,UP
2189,RYR2,no,no,no,no,no,no,DOWN
2190,ECI2,no,no,no,no,no,no,DOWN
2191,COLGALT2,no,no,no,no,no,no,UP
2192,ZNF521,no,no,no,no,no,no,UP
2193,PNP,no,no,no,no,no,no,DOWN
2194,DENND4B,no,no,no,no,no,no,DOWN
2195,RASGEF1A,no,no,no,no,no,no,DOWN
2196,NOS1AP,no,no,no,no,no,no,DOWN
2197,CSAG1,no,no,no,no,no,no,DOWN
2198,GPRASP1,no,no,no,no,no,no,UP
2199,ZFP2,no,no,no,no,no,no,UP
2200,SNORD104,no,no,no,no,no,no,DOWN
2201,SNORA33,no,no,no,no,no,no,DOWN
2202,RNU4-42P,no,no,no,no,no,no,DOWN
2203,SNORD114-3,no,no,no,no,no,no,DOWN
2204,RNU6-8,no,no,no,no,no,no,DOWN
2205,ZNF525,no,no,no,no,no,no,DOWN
2206,SCUBE1-AS1,no,no,no,no,no,no,UP
2207,LINC00862,no,no,no,no,no,no,DOWN
2208,FANK1,no,no,no,no,no,no,UP
2209,CCDC160,no,no,no,no,no,no,UP
2210,TCEAL5,no,no,no,no,no,no,UP
2211,NHSL2,no,no,no,no,no,no,UP
2212,TBC1D8,no,no,no,no,no,no,DOWN
2213,ODAD4,no,no,no,no,no,no,UP
2214,TCTN1,no,no,no,no,no,no,UP
2215,CD177,no,no,no,no,no,no,DOWN
2216,TMEM88B,no,no,no,no,no,no,DOWN
2217,TMEM170B,no,no,no,no,no,no,UP
2218,MT1H,no,no,no,no,no,no,DOWN
2219,DENND6B,no,no,no,no,no,no,UP
2220,CFAP44,no,no,no,no,no,no,UP
2221,VGLL3,no,no,no,no,no,no,UP
2222,XKR4,no,no,no,no,no,no,DOWN
2223,SNORA10,no,no,no,no,no,no,DOWN
2224,SNORD63,no,no,no,no,no,no,DOWN
2225,IGLV7-46,no,no,no,no,no,no,UP
2226,TRBC2,no,no,no,no,no,no,DOWN
2227,RTL8B,no,no,no,no,no,no,UP
2228,DENND1B,no,no,no,no,no,no,UP
2229,MLLT11,no,no,no,no,no,no,UP
2230,ZNF90,no,no,no,no,no,no,DOWN
2231,C19orf38,no,no,no,no,no,no,DOWN
2232,FOXI3,no,no,no,no,no,no,DOWN
2233,CSKMT,no,no,no,no,no,no,DOWN
2234,MIR17HG,no,no,no,no,no,no,DOWN
2235,ZNF603P,no,no,no,no,no,no,UP
2236,LOC100420839,no,no,no,no,no,no,UP
2237,CEBPZOS,no,no,no,no,no,no,DOWN
2238,FAM228B,no,no,no,no,no,no,UP
2239,CYTOR,no,no,no,no,no,no,DOWN
2240,RPL21P32,no,no,no,no,no,no,UP
2241,ZNF469,no,no,no,no,no,no,UP
2242,BAIAP2-DT,no,no,no,no,no,no,UP
2243,SMCR5,no,no,no,no,no,no,UP
2244,ERVMER34-1,no,no,no,no,no,no,DOWN
2245,LINC01630,no,no,no,no,no,no,UP
2246,RPS15AP30,no,no,no,no,no,no,UP
2247,MIR34AHG,no,no,no,no,no,no,DOWN
2248,LINC00954,no,no,no,no,no,no,UP
2249,PDC-AS1,no,no,no,no,no,no,UP
2250,LINC01315,no,no,no,no,no,no,DOWN
2251,FOXD3-AS1,no,no,no,no,no,no,DOWN
2252,LOC124900638,no,no,no,no,no,no,UP
2253,LINC-PINT,no,no,no,no,no,no,DOWN
2254,TSPAN19,no,no,no,no,no,no,UP
2255,PIK3CD-AS2,no,no,no,no,no,no,DOWN
2256,RAP2C-AS1,no,no,no,no,no,no,UP
2257,RPS3AP44,no,no,no,no,no,no,UP
2258,EPCAM-DT,no,no,no,no,no,no,UP
2259,NPIPB2,no,no,no,no,no,no,UP
2260,BNC2-AS1,no,no,no,no,no,no,DOWN
2261,LOC100422627,no,no,no,no,no,no,DOWN
2262,ANKRD65,no,no,no,no,no,no,UP
2263,GSN-AS1,no,no,no,no,no,no,UP
2264,PKN2-AS1,no,no,no,no,no,no,UP
2265,UNC5B-AS1,no,no,no,no,no,no,DOWN
2266,LINC02984,no,no,no,no,no,no,UP
2267,LINC01410,no,no,no,no,no,no,UP
2268,RPL35AP17,no,no,no,no,no,no,DOWN
2269,TNFSF12,no,no,no,no,no,no,UP
2270,SMKR1,no,no,no,no,no,no,UP
2271,L1TD1,no,no,no,no,no,no,DOWN
2272,RPL32P13,no,no,no,no,no,no,DOWN
2273,LINC00877,no,no,no,no,no,no,UP
2274,ARHGDIG,no,no,no,no,no,no,DOWN
2275,RPS3AP48,no,no,no,no,no,no,DOWN
2276,RPS3AP34,no,no,no,no,no,no,DOWN
2277,RPL23AP49,no,no,no,no,no,no,UP
2278,DUBR,no,no,no,no,no,no,UP
2279,RPS17P11,no,no,no,no,no,no,DOWN
2280,A2M-AS1,no,no,no,no,no,no,UP
2281,CRNDE,no,no,no,no,no,no,UP
2282,STARD4-AS1,no,no,no,no,no,no,UP
2283,ANK2-AS1,no,no,no,no,no,no,DOWN
2284,MEF2C-AS1,no,no,no,no,no,no,UP
2285,LETR1,no,no,no,no,no,no,UP
2286,SEMA6A-AS1,no,no,no,no,no,no,UP
2287,ABHD14A,no,no,no,no,no,no,UP
2288,PVT1,no,no,no,no,no,no,DOWN
2289,TMEM158,no,no,no,no,no,no,DOWN
2290,TRMT9B,no,no,no,no,no,no,UP
2291,LINC01950,no,no,no,no,no,no,DOWN
2292,C1orf210,no,no,no,no,no,no,DOWN
2293,NKX2-1-AS1,no,no,no,no,no,no,UP
2294,ZFHX4-AS1,no,no,no,no,no,no,UP
2295,PCDHGA6,no,no,no,no,no,no,DOWN
2296,MAFA-AS1,no,no,no,no,no,no,UP
2297,RHPN1-AS1,no,no,no,no,no,no,UP
2298,SNHG1,no,no,no,no,no,no,DOWN
2299,ZNF432,no,no,no,no,no,no,UP
2300,LINC02361,no,no,no,no,no,no,DOWN
2301,SCAT2,no,no,no,no,no,no,DOWN
2302,GIHCG,no,no,no,no,no,no,UP
2303,LOC100505978,no,no,no,no,no,no,UP
2304,FPGT-TNNI3K,no,no,no,no,no,no,UP
2305,IQCH-AS1,no,no,no,no,no,no,UP
2306,SLC22A31,no,no,no,no,no,no,DOWN
2307,SNHG19,no,no,no,no,no,no,DOWN
2308,CEROX1,no,no,no,no,no,no,UP
2309,TMEM178B,no,no,no,no,no,no,UP
2310,LINC02894,no,no,no,no,no,no,DOWN
2311,LOC124903729,no,no,no,no,no,no,UP
2312,MIR193BHG,no,no,no,no,no,no,DOWN
2313,LASP1NB,no,no,no,no,no,no,UP
2314,SOCS3-DT,no,no,no,no,no,no,UP
2315,ATP8B1-AS1,no,no,no,no,no,no,DOWN
2316,FMNL1-DT,no,no,no,no,no,no,DOWN
2317,C17orf113,no,no,no,no,no,no,UP
2318,CSAG3,no,no,no,no,no,no,DOWN
2319,C10orf95-AS1,no,no,no,no,no,no,DOWN
2320,KCNQ1OT1,no,no,no,no,no,no,UP
2321,SNHG8,no,no,no,no,no,no,DOWN
2322,NBPF14,no,no,no,no,no,no,UP
2323,LIX1L,no,no,no,no,no,no,UP
2324,GAS6-DT,no,no,no,no,no,no,DOWN
2325,LOC107986163,no,no,no,no,no,no,UP
2326,LINC02035,no,no,no,no,no,no,UP
2327,CYFIP1,no,no,no,no,no,no,UP
2328,LOC124906976,no,no,no,no,no,no,UP
2329,LINC03025,no,no,no,no,no,no,UP
2330,SNORA61,no,no,no,no,no,no,DOWN
2331,NR2E3,no,no,no,no,no,no,DOWN
2332,LOC728392,no,no,no,no,no,no,UP
2333,LOC124903658,no,no,no,no,no,no,UP
2334,LOC101929174,no,no,no,no,no,no,UP
