"","gene","hetero_vs_control","homo_vs_control","homo_vs_hetero"
"1","CFTR","absent","absent","neg"
"2","PDK4","absent","neg","neg"
"3","ZMYND10","absent","neg","neg"
"4","ARX","absent","neg","neg"
"5","SKAP2","absent","absent","neg"
"6","THSD7A","absent","neg","neg"
"7","DNAH9","absent","neg","neg"
"8","PAX7","absent","absent","neg"
"9","KCNG1","absent","absent","neg"
"10","MUSK","absent","pos","pos"
"11","USP2","absent","neg","neg"
"12","MYO16","absent","neg","neg"
"13","TNC","absent","pos","pos"
"14","EPHA3","absent","neg","neg"
"15","KITLG","absent","neg","neg"
"16","FOXC1","absent","neg","neg"
"17","ITIH4","absent","neg","neg"
"18","NPFFR2","absent","absent","neg"
"19","DMRT3","absent","absent","pos"
"20","SNCAIP","absent","absent","neg"
"21","NTN1","absent","neg","neg"
"22","REEP1","absent","neg","neg"
"23","ABCC9","absent","neg","neg"
"24","MYO3B","absent","absent","pos"
"25","CACNG4","absent","neg","neg"
"26","SPAG6","absent","neg","neg"
"27","ADCY2","absent","neg","neg"
"28","ITM2A","absent","neg","neg"
"29","RUNX1T1","absent","neg","neg"
"30","SCGN","absent","neg","neg"
"31","SLC4A4","absent","neg","neg"
"32","SMARCA2","absent","absent","neg"
"33","CDH7","absent","neg","neg"
"34","EPB41L3","absent","neg","neg"
"35","CFAP61","absent","neg","neg"
"36","RGS1","absent","absent","neg"
"37","THPO","absent","neg","neg"
"38","TF","absent","absent","neg"
"39","TGFB2","absent","absent","neg"
"40","PALMD","absent","neg","neg"
"41","SEZ6L","absent","absent","pos"
"42","APOL1","absent","neg","neg"
"43","TRIM9","absent","neg","neg"
"44","COL20A1","absent","pos","pos"
"45","SPEF1","absent","neg","neg"
"46","ISM1","absent","neg","neg"
"47","SYNDIG1","absent","neg","neg"
"48","SYTL4","absent","neg","neg"
"49","EYA1","absent","neg","neg"
"50","NIPAL2","absent","neg","neg"
"51","STMN2","absent","neg","neg"
"52","ODAD1","absent","absent","pos"
"53","NPTX2","absent","neg","neg"
"54","PCOLCE","absent","neg","neg"
"55","DKK1","absent","absent","neg"
"56","RNF43","absent","pos","pos"
"57","ASIC2","absent","absent","neg"
"58","CACNG1","absent","neg","neg"
"59","ELMOD1","absent","absent","neg"
"60","GLI1","absent","neg","neg"
"61","RFX4","absent","neg","neg"
"62","RSPH4A","absent","neg","neg"
"63","SIM1","absent","neg","neg"
"64","NME5","absent","neg","neg"
"65","RASGRF2","absent","neg","neg"
"66","WNT5A","absent","neg","neg"
"67","C3orf52","absent","absent","neg"
"68","EFCC1","absent","neg","neg"
"69","NEK11","absent","neg","neg"
"70","POMC","neg","neg","neg"
"71","APC2","absent","neg","neg"
"72","GALNT3","absent","absent","neg"
"73","MLPH","absent","absent","neg"
"74","SFPQ","absent","absent","neg"
"75","WLS","absent","neg","neg"
"76","RGS2","absent","absent","neg"
"77","KMO","absent","neg","neg"
"78","MTARC2","absent","neg","neg"
"79","APOA1","absent","absent","neg"
"80","TTR","absent","neg","neg"
"81","BCL11A","absent","neg","neg"
"82","TNN","absent","neg","neg"
"83","NPPB","pos","absent","neg"
"84","KCNJ8","absent","neg","neg"
"85","PDZRN3","absent","absent","neg"
"86","INHBA","absent","neg","neg"
"87","TWIST1","absent","neg","neg"
"88","NUDT10","absent","absent","neg"
"89","ITIH5","absent","neg","neg"
"90","NRK","absent","absent","neg"
"91","DAW1","absent","neg","neg"
"92","NCOA5","absent","absent","neg"
"93","EDN3","absent","absent","neg"
"94","PMEPA1","absent","neg","neg"
"95","CHST8","absent","neg","neg"
"96","COL21A1","absent","neg","neg"
"97","PAX8","absent","pos","pos"
"98","PCSK2","absent","neg","neg"
"99","BFSP1","absent","absent","neg"
"100","LAMP5","absent","pos","pos"
"101","FLRT1","absent","absent","neg"
"102","FGD3","absent","neg","neg"
"103","LRRC61","pos","absent","neg"
"104","TNFRSF19","absent","neg","neg"
"105","MCHR1","absent","absent","pos"
"106","RIBC2","absent","neg","neg"
"107","CDHR3","absent","neg","neg"
"108","FOXP2","absent","neg","neg"
"109","PDE11A","absent","neg","neg"
"110","KCNC1","absent","neg","neg"
"111","AP1M2","absent","absent","neg"
"112","FOXA1","absent","absent","neg"
"113","FOXJ1","absent","neg","neg"
"114","CDH15","absent","neg","neg"
"115","SAT1","absent","pos","pos"
"116","GADD45G","absent","neg","neg"
"117","CACNG6","absent","neg","neg"
"118","RAMP1","absent","neg","neg"
"119","SERPINF1","absent","absent","neg"
"120","DDC","absent","neg","neg"
"121","SYT4","absent","neg","neg"
"122","PLAAT4","absent","neg","neg"
"123","SPINK5","absent","pos","pos"
"124","HMGCS2","absent","neg","neg"
"125","RERG","absent","neg","neg"
"126","PDGFRA","absent","absent","neg"
"127","CD36","absent","neg","neg"
"128","TES","absent","absent","neg"
"129","HTR1B","absent","neg","neg"
"130","KCNH3","absent","neg","neg"
"131","HEY2","absent","neg","neg"
"132","STX11","absent","absent","neg"
"133","CAPN9","absent","neg","neg"
"134","NPL","absent","absent","neg"
"135","NIBAN1","absent","neg","neg"
"136","CNMD","absent","neg","neg"
"137","RPL13AP25","absent","pos","pos"
"138","EDNRB","absent","neg","neg"
"139","DGKB","absent","neg","neg"
"140","GALNT5","absent","neg","neg"
"141","SCN7A","absent","neg","neg"
"142","GAD2","pos","pos","pos"
"143","LMX1B","absent","neg","neg"
"144","CCN3","absent","absent","neg"
"145","PI15","pos","absent","neg"
"146","ITPKA","absent","neg","neg"
"147","ADAMTS14","absent","neg","neg"
"148","MDH1B","absent","neg","neg"
"149","SLC40A1","absent","neg","neg"
"150","ARHGAP24","absent","absent","neg"
"151","MMRN1","absent","neg","neg"
"152","TMEM117","absent","neg","neg"
"153","LUM","absent","neg","neg"
"154","ASCL1","absent","neg","neg"
"155","TTC6","absent","neg","neg"
"156","KCNH5","absent","absent","pos"
"157","FBLN5","absent","neg","neg"
"158","LYSMD2","absent","neg","neg"
"159","WDR93","absent","neg","neg"
"160","IRF8","absent","neg","neg"
"161","MYOCD","absent","neg","neg"
"162","LRRC46","absent","neg","neg"
"163","RXRG","absent","neg","neg"
"164","PPFIA4","absent","pos","pos"
"165","GDF7","absent","neg","neg"
"166","ST6GAL2","absent","neg","neg"
"167","NXPH2","absent","absent","neg"
"168","TMEFF2","absent","neg","neg"
"169","ACKR3","absent","neg","neg"
"170","TRPM8","absent","absent","pos"
"171","GADL1","absent","neg","neg"
"172","ITGA9","absent","neg","neg"
"173","LRTM1","absent","neg","neg"
"174","PHLDB2","absent","neg","neg"
"175","CORIN","absent","neg","neg"
"176","CYP4V2","absent","neg","neg"
"177","ROPN1L","absent","neg","neg"
"178","CDH18","absent","absent","neg"
"179","ADAMTS16","absent","absent","neg"
"180","HAPLN1","absent","neg","neg"
"181","MEGF10","absent","neg","neg"
"182","RSPO3","absent","absent","neg"
"183","IGFBP1","absent","neg","neg"
"184","FRMPD3","absent","neg","neg"
"185","ST18","absent","neg","neg"
"186","SYBU","absent","neg","neg"
"187","NTRK2","absent","neg","neg"
"188","PAMR1","absent","pos","pos"
"189","KIRREL3","absent","absent","neg"
"190","ARID5B","absent","absent","neg"
"191","HNMT","absent","absent","neg"
"192","PIH1D2","absent","neg","neg"
"193","C2orf50","absent","neg","neg"
"194","ENKUR","absent","neg","neg"
"195","PTPRO","absent","absent","neg"
"196","ZNF385D","absent","neg","neg"
"197","SLC35F4","absent","absent","neg"
"198","KCNK13","absent","neg","neg"
"199","GUCY1A2","absent","neg","neg"
"200","GPD1L","absent","neg","neg"
"201","DYNLT5","absent","neg","neg"
"202","DNAI4","absent","neg","neg"
"203","PRDM8","absent","neg","neg"
"204","FAM81B","absent","neg","neg"
"205","ADPRHL1","absent","absent","neg"
"206","CACNA2D1","absent","neg","neg"
"207","HS3ST3A1","absent","absent","neg"
"208","ANKRD29","absent","absent","neg"
"209","DNAAF1","absent","neg","neg"
"210","ACSS1","neg","neg","neg"
"211","CLIC2","absent","absent","neg"
"212","KCNMA1","absent","neg","neg"
"213","SH3RF2","absent","absent","neg"
"214","TMEM171","absent","neg","neg"
"215","CFAP107","absent","absent","neg"
"216","HYDIN","absent","neg","neg"
"217","DRC1","absent","neg","neg"
"218","COLEC12","absent","neg","neg"
"219","SHROOM4","absent","neg","neg"
"220","VWA5B1","absent","neg","neg"
"221","ABCG1","absent","neg","neg"
"222","TFF3","absent","absent","neg"
"223","RSPH1","absent","neg","neg"
"224","COX6B2","absent","pos","pos"
"225","NPHS1","absent","absent","neg"
"226","ELAVL4","absent","neg","neg"
"227","UBXN10","absent","neg","neg"
"228","DIRAS3","absent","neg","neg"
"229","NTNG1","absent","neg","neg"
"230","DNAI3","absent","neg","neg"
"231","VCAM1","absent","neg","neg"
"232","DDR2","absent","neg","neg"
"233","ACTG2","absent","absent","neg"
"234","GABRB1","absent","absent","neg"
"235","CLDN1","absent","absent","neg"
"236","TAFA4","absent","absent","neg"
"237","SERPINI1","absent","absent","neg"
"238","NKX6-1","absent","neg","neg"
"239","GRIK3","absent","neg","neg"
"240","PITX2","absent","neg","neg"
"241","NDST3","absent","neg","neg"
"242","GASK1B","absent","neg","neg"
"243","HHIP","absent","absent","neg"
"244","ZNF474","absent","absent","neg"
"245","TXLNB","absent","neg","neg"
"246","DCBLD1","absent","neg","neg"
"247","SAMD3","absent","absent","neg"
"248","TMEM200A","absent","absent","neg"
"249","SHH","absent","neg","neg"
"250","FNDC1","absent","neg","neg"
"251","C7orf57","absent","neg","neg"
"252","ALDH1A1","absent","pos","pos"
"253","RASEF","absent","neg","neg"
"254","CFAP47","absent","neg","neg"
"255","VEGFD","absent","neg","neg"
"256","AQP3","absent","neg","neg"
"257","ARMC3","absent","neg","neg"
"258","PDZRN4","absent","neg","neg"
"259","TMEM100","absent","neg","neg"
"260","GALR1","absent","neg","neg"
"261","RRAD","absent","neg","neg"
"262","CFAP52","absent","neg","neg"
"263","OR51E2","absent","neg","neg"
"264","TEKT1","absent","neg","neg"
"265","SCARA5","absent","neg","neg"
"266","RHOH","absent","pos","pos"
"267","LGI3","absent","neg","neg"
"268","COL3A1","absent","neg","neg"
"269","DYNLRB2","absent","neg","neg"
"270","FSTL5","absent","absent","neg"
"271","CXCL10","absent","neg","neg"
"272","SCN9A","absent","neg","neg"
"273","ALCAM","absent","absent","neg"
"274","CMTM8","absent","absent","neg"
"275","SEMA3E","absent","neg","neg"
"276","KRT4","absent","neg","neg"
"277","KCND3","absent","neg","neg"
"278","OTP","neg","neg","neg"
"279","CFAP46","absent","neg","neg"
"280","FRMD3","absent","neg","neg"
"281","PDE3A","absent","absent","neg"
"282","RAB37","absent","absent","neg"
"283","HPSE2","absent","pos","pos"
"284","CCDC96","absent","neg","neg"
"285","HOXB2","absent","neg","neg"
"286","GOLGA6L2","absent","neg","neg"
"287","KY","absent","absent","neg"
"288","FUT1","absent","absent","pos"
"289","VWA3A","absent","neg","neg"
"290","FOXC2","absent","absent","neg"
"291","IRX5","absent","absent","neg"
"292","CLVS1","absent","pos","pos"
"293","ERICH5","absent","absent","neg"
"294","NHLH2","absent","absent","pos"
"295","ADAMTSL1","absent","absent","neg"
"296","ZNF454","absent","absent","pos"
"297","SLITRK1","absent","pos","pos"
"298","NEUROG2","absent","pos","pos"
"299","ERBB4","absent","neg","neg"
"300","THBD","absent","absent","neg"
"301","FOXE1","absent","neg","neg"
"302","GRM8","absent","absent","neg"
"303","ZBTB42","absent","neg","neg"
"304","TSHZ1","absent","neg","neg"
"305","SERTM1","absent","neg","neg"
"306","GLIPR1L2","neg","absent","pos"
"307","GSX2","pos","absent","neg"
"308","ARSJ","absent","neg","neg"
"309","TMEM132E","absent","neg","neg"
"310","NXPH4","absent","absent","neg"
"311","PLCXD3","absent","neg","neg"
"312","TMEM119","absent","absent","neg"
"313","CABCOCO1","absent","neg","neg"
"314","HOATZ","absent","neg","neg"
"315","OPCML","absent","neg","neg"
"316","FOXL2","absent","absent","neg"
"317","TBX1","absent","absent","neg"
"318","SLIT3","absent","absent","neg"
"319","CCR10","absent","absent","pos"
"320","POU3F2","absent","neg","neg"
"321","SLITRK6","absent","absent","neg"
"322","PRR16","absent","absent","neg"
"323","SLC24A3","absent","neg","neg"
"324","NPY2R","absent","absent","pos"
"325","FAM174B","absent","neg","neg"
"326","GPRIN3","absent","neg","neg"
"327","KRT79","absent","neg","neg"
"328","MORN5","absent","absent","neg"
"329","DLEU7","absent","neg","neg"
"330","FOXD2","absent","absent","neg"
"331","LINC01551","neg","neg","neg"
"332","EFCAB6","absent","neg","neg"
"333","MITF","absent","absent","neg"
"334","SLIT1","absent","neg","neg"
"335","DCC","absent","neg","neg"
"336","LIAT1","absent","neg","neg"
"337","SHISA7","absent","neg","neg"
"338","CFAP77","absent","neg","neg"
"339","CFAP54","absent","neg","neg"
"340","PRELP","absent","pos","pos"
"341","LRRK2","absent","neg","neg"
"342","KRT77","absent","neg","neg"
"343","PAX8-AS1","absent","pos","pos"
"344","SPOCK3","absent","neg","neg"
"345","POU3F4","absent","neg","neg"
"346","TLE1","absent","absent","neg"
"347","ZNF860","absent","absent","neg"
"348","SLC22A6","absent","absent","neg"
"349","MYL4","absent","neg","neg"
"350","PPP1R14C","absent","neg","neg"
"351","F5","absent","neg","neg"
"352","EGFL6","absent","neg","neg"
"353","GRM3","absent","absent","neg"
"354","LINC02901","absent","neg","neg"
"355","SAMD5","absent","neg","neg"
"356","MAFB","absent","neg","neg"
"357","C2orf72","absent","neg","neg"
"358","SAMD9","absent","neg","neg"
"359","C22orf42","absent","pos","pos"
"360","RPS3AP47","absent","pos","pos"
"361","CFAP44","absent","neg","neg"
"362","VGLL3","absent","absent","neg"
"363","EEF1B2P6","absent","pos","pos"
"364","RPL7AP50","absent","absent","pos"
"365","RPS19P1","absent","absent","pos"
"366","POLR2J4","absent","neg","neg"
"367","ARHGEF28","absent","neg","neg"
"368","CFAP90","absent","neg","neg"
"369","RPL21P16","absent","pos","pos"
"370","SLC12A8","absent","neg","neg"
"371","LINC03007","absent","neg","neg"
"372","RPS14P1","absent","pos","pos"
"373","PRR29","absent","neg","neg"
"374","RPL35P5","absent","pos","pos"
"375","MTND1P23","absent","absent","pos"
"376","RPL26P19","absent","pos","pos"
"377","C14orf132","absent","neg","neg"
"378","LINC01317","absent","pos","pos"
"379","LOC101927745","absent","absent","neg"
"380","RPL21P37","absent","pos","pos"
"381","LINC02525","absent","absent","pos"
"382","GNG12-AS1","absent","neg","neg"
"383","LINC00327","absent","neg","neg"
"384","NEMP2-DT","absent","neg","neg"
"385","RPL10P12","absent","absent","pos"
"386","RPS15AP11","absent","absent","pos"
"387","LINC01239","absent","neg","neg"
"388","DNAJC9-AS1","absent","neg","neg"
"389","PAGE2B","absent","pos","pos"
"390","RN7SL653P","absent","absent","neg"
"391","L1TD1","absent","pos","pos"
"392","RPL37P6","absent","pos","pos"
"393","RPL31P49","absent","absent","pos"
"394","LOC102546299","absent","absent","neg"
"395","LINC02082","absent","neg","neg"
"396","RPLP0P2","absent","absent","pos"
"397","RPL7P18","absent","neg","neg"
"398","RPL11P2","absent","pos","pos"
"399","CXXC4-AS1","absent","absent","neg"
"400","MIR4458HG","absent","neg","neg"
"401","INSL3","absent","pos","pos"
"402","HHIP-AS1","absent","absent","neg"
"403","ADAMTS16-DT","absent","absent","neg"
"404","LINC02381","absent","neg","neg"
"405","RASGRF2-AS1","absent","neg","neg"
"406","LOC101927636","absent","pos","pos"
"407","LINC01484","absent","absent","neg"
"408","PCDHGA11","absent","pos","pos"
"409","PGA5","absent","neg","neg"
"410","LINC02356","absent","pos","pos"
"411","LOC100505978","absent","neg","neg"
"412","LINC00261","absent","neg","neg"
"413","LINC01963","absent","absent","neg"
"414","LOC121725015","absent","neg","neg"
"415","LINC00664","absent","neg","neg"
"416","TRABD2B","absent","neg","neg"
"417","SMIM32","absent","neg","neg"
"418","LOC283683","absent","absent","neg"
"419","CCL4L2","absent","neg","neg"
"420","LOC105374338","absent","absent","pos"
"421","NHIP","absent","absent","pos"
"422","C8orf44-SGK3","absent","absent","pos"
"423","SEMA3F","absent","pos","absent"
"424","TMEM176A","absent","neg","absent"
"425","NOS2","neg","neg","absent"
"426","MATK","absent","pos","absent"
"427","PAX6","absent","pos","absent"
"428","ANOS1","absent","pos","absent"
"429","MAMLD1","absent","neg","absent"
"430","SLC38A5","absent","pos","absent"
"431","CNTN1","absent","neg","absent"
"432","CLXN","absent","neg","absent"
"433","ZIC2","absent","pos","absent"
"434","FAM184B","absent","pos","absent"
"435","TNFRSF9","absent","neg","absent"
"436","LTBP1","absent","pos","absent"
"437","FNIP2","absent","neg","absent"
"438","METTL24","absent","neg","absent"
"439","CDON","absent","pos","absent"
"440","SNAP91","absent","neg","absent"
"441","STON1-GTF2A1L","absent","pos","absent"
"442","PITX1","absent","neg","absent"
"443","TRIB2","absent","pos","absent"
"444","CYP2W1","absent","neg","absent"
"445","ARHGAP15","absent","pos","absent"
"446","RGS11","absent","neg","absent"
"447","PAG1","absent","neg","absent"
"448","NMRK2","absent","pos","absent"
"449","DCX","absent","neg","absent"
"450","CDH17","pos","pos","absent"
"451","CXCL2","absent","neg","absent"
"452","HSD17B2","absent","neg","absent"
"453","MYBPC2","absent","pos","absent"
"454","MT3","absent","pos","absent"
"455","PHACTR3","absent","neg","absent"
"456","TESC","absent","pos","absent"
"457","ANKRD24","absent","pos","absent"
"458","CHRD","absent","neg","absent"
"459","SLC7A8","absent","pos","absent"
"460","WDR76","absent","neg","absent"
"461","UNC13D","absent","pos","absent"
"462","BLNK","absent","pos","absent"
"463","KCNK6","absent","pos","absent"
"464","CBARP","absent","neg","absent"
"465","MADCAM1","absent","neg","absent"
"466","RAB36","absent","neg","absent"
"467","HMOX1","absent","pos","absent"
"468","APOBEC3H","absent","pos","absent"
"469","PDGFB","absent","pos","absent"
"470","CHRNA4","absent","neg","absent"
"471","E2F1","absent","neg","absent"
"472","CACNA1F","pos","pos","absent"
"473","PCSK1N","absent","neg","absent"
"474","SRPX2","absent","neg","absent"
"475","CORO1A","absent","neg","absent"
"476","WFDC1","absent","neg","absent"
"477","CRYM","absent","pos","absent"
"478","CALB1","absent","pos","absent"
"479","ESRP1","pos","pos","absent"
"480","DHDH","absent","pos","absent"
"481","SLC17A7","absent","pos","absent"
"482","TNNT1","absent","pos","absent"
"483","TJP3","absent","pos","absent"
"484","CRX","absent","pos","absent"
"485","CACNG7","absent","pos","absent"
"486","TMEM176B","neg","neg","absent"
"487","CNTNAP3","pos","pos","absent"
"488","KAZALD1","absent","pos","absent"
"489","FGF8","pos","pos","absent"
"490","SORCS1","absent","pos","absent"
"491","FOLR1","absent","pos","absent"
"492","PRMT8","neg","neg","absent"
"493","RASAL1","absent","pos","absent"
"494","ADGRD1","absent","neg","absent"
"495","MAN1A1","absent","neg","absent"
"496","RIPOR2","absent","pos","absent"
"497","CD83","absent","neg","absent"
"498","NR2E1","neg","neg","absent"
"499","SMOC2","absent","neg","absent"
"500","CLIC5","absent","neg","absent"
"501","NPR3","absent","pos","absent"
"502","ST8SIA4","absent","neg","absent"
"503","DPYSL3","absent","pos","absent"
"504","SERPINI2","absent","neg","absent"
"505","STEAP3","absent","neg","absent"
"506","DNAH6","absent","neg","absent"
"507","IGFBP2","absent","pos","absent"
"508","IGFBP5","absent","pos","absent"
"509","KCNJ13","absent","pos","absent"
"510","OTX1","neg","neg","absent"
"511","QPCT","absent","pos","absent"
"512","DLX2","absent","neg","absent"
"513","BMP8B","absent","neg","absent"
"514","DNAI7","absent","neg","absent"
"515","PLAGL1","absent","neg","absent"
"516","MYB","absent","neg","absent"
"517","SPP1","pos","pos","absent"
"518","DNAH7","absent","neg","absent"
"519","ONECUT2","absent","neg","absent"
"520","CD274","absent","neg","absent"
"521","IAPP","absent","pos","absent"
"522","GJA3","absent","pos","absent"
"523","BICC1","absent","neg","absent"
"524","MMP19","absent","pos","absent"
"525","NFE2","absent","pos","absent"
"526","SNAI1","absent","pos","absent"
"527","WNT1","absent","neg","absent"
"528","MBOAT7","absent","pos","absent"
"529","SH2D3A","absent","pos","absent"
"530","NKX2-2","absent","neg","absent"
"531","OMD","absent","neg","absent"
"532","KLF2","absent","neg","absent"
"533","FEZF1","absent","pos","absent"
"534","ALDH1A2","absent","neg","absent"
"535","E2F8","absent","neg","absent"
"536","PLPPR3","absent","pos","absent"
"537","THEM6","absent","neg","absent"
"538","BST2","absent","pos","absent"
"539","USHBP1","absent","pos","absent"
"540","GDF15","absent","pos","absent"
"541","CCDC62","absent","pos","absent"
"542","RFTN1","absent","neg","absent"
"543","NAPSA","absent","pos","absent"
"544","LRRC9","absent","neg","absent"
"545","RGS22","absent","neg","absent"
"546","MATN2","absent","neg","absent"
"547","RAB25","absent","pos","absent"
"548","DCLK1","absent","neg","absent"
"549","STOML3","absent","pos","absent"
"550","MICAL2","absent","neg","absent"
"551","VRTN","absent","pos","absent"
"552","ADAM20","absent","pos","absent"
"553","TSHB","absent","pos","absent"
"554","RSAD2","absent","neg","absent"
"555","CRB1","absent","neg","absent"
"556","RAX","pos","pos","absent"
"557","KLRD1","pos","pos","absent"
"558","OASL","absent","neg","absent"
"559","GARIN1B","absent","pos","absent"
"560","MRAP2","absent","neg","absent"
"561","LMO2","absent","pos","absent"
"562","AMHR2","absent","pos","absent"
"563","B4GALNT1","absent","neg","absent"
"564","MAP7","absent","pos","absent"
"565","NKX2-1","absent","neg","absent"
"566","RNF144B","absent","neg","absent"
"567","THBS1","absent","neg","absent"
"568","RPL7P9","absent","pos","absent"
"569","SIX3","absent","pos","absent"
"570","CHRNA1","absent","neg","absent"
"571","RASGEF1B","absent","pos","absent"
"572","TRPC3","absent","neg","absent"
"573","LEF1","absent","neg","absent"
"574","EGF","absent","pos","absent"
"575","MTTP","absent","neg","absent"
"576","RPL14P1","absent","pos","absent"
"577","LGR5","neg","neg","absent"
"578","FAM222A","absent","pos","absent"
"579","FOXN4","absent","neg","absent"
"580","DHH","pos","pos","absent"
"581","CLEC18B","absent","pos","absent"
"582","SLC16A3","absent","pos","absent"
"583","PNMT","absent","neg","absent"
"584","PRDM16","pos","pos","absent"
"585","DMRTA2","absent","neg","absent"
"586","C1orf162","absent","pos","absent"
"587","INTS3","absent","pos","absent"
"588","ZNF385B","pos","pos","absent"
"589","CDCA7","absent","neg","absent"
"590","DLX1","absent","neg","absent"
"591","HES6","absent","neg","absent"
"592","IL17RD","absent","pos","absent"
"593","COL8A1","absent","neg","absent"
"594","BOC","absent","pos","absent"
"595","GLRA3","absent","neg","absent"
"596","CPLX2","absent","neg","absent"
"597","IGFBP3","absent","pos","absent"
"598","SSC4D","absent","pos","absent"
"599","ARHGAP36","absent","pos","absent"
"600","CDKN2B","absent","neg","absent"
"601","NPFFR1","absent","neg","absent"
"602","ADM","absent","pos","absent"
"603","KLHL35","neg","neg","absent"
"604","MKX","absent","pos","absent"
"605","LYPD6B","absent","pos","absent"
"606","SPEF2","absent","neg","absent"
"607","SPARCL1","neg","neg","absent"
"608","BCL2L11","absent","pos","absent"
"609","BMP6","absent","neg","absent"
"610","ANKFN1","absent","neg","absent"
"611","PGM5","absent","neg","absent"
"612","CNTNAP3B","absent","pos","absent"
"613","L3MBTL4","absent","neg","absent"
"614","WNT7A","absent","neg","absent"
"615","GOLGA7B","absent","pos","absent"
"616","PIK3AP1","absent","neg","absent"
"617","KIF5A","absent","neg","absent"
"618","FAM81A","absent","neg","absent"
"619","DGKI","absent","pos","absent"
"620","GRHL3","absent","pos","absent"
"621","GALNT14","absent","neg","absent"
"622","H2BC5","absent","pos","absent"
"623","GDPD5","absent","pos","absent"
"624","NPM2","absent","neg","absent"
"625","EDA","absent","pos","absent"
"626","BRSK1","absent","pos","absent"
"627","PAQR4","absent","neg","absent"
"628","LINC01931","absent","neg","absent"
"629","NEUROD1","neg","neg","absent"
"630","SGPP2","neg","neg","absent"
"631","C1QTNF7","absent","pos","absent"
"632","DPPA2","pos","pos","absent"
"633","ALB","absent","neg","absent"
"634","HESX1","absent","pos","absent"
"635","CXCL3","absent","neg","absent"
"636","CXCL1","absent","neg","absent"
"637","CLEC3B","absent","pos","absent"
"638","GUCY1A1","absent","neg","absent"
"639","FHIP1A","absent","pos","absent"
"640","SCGB3A2","absent","pos","absent"
"641","C9orf24","absent","neg","absent"
"642","MYORG","absent","neg","absent"
"643","PTCHD1","neg","neg","absent"
"644","CLDN3","absent","pos","absent"
"645","HDX","pos","pos","absent"
"646","AMER2","neg","neg","absent"
"647","AK8","absent","neg","absent"
"648","BTNL9","pos","pos","absent"
"649","CMTM5","absent","pos","absent"
"650","LMO1","pos","pos","absent"
"651","PKD1L2","absent","pos","absent"
"652","SGSM1","absent","pos","absent"
"653","TMEM92","absent","pos","absent"
"654","CERCAM","absent","neg","absent"
"655","ISLR2","absent","neg","absent"
"656","ART5","absent","pos","absent"
"657","CA4","absent","pos","absent"
"658","TMIGD2","absent","pos","absent"
"659","CYP7A1","absent","pos","absent"
"660","CCDC88B","absent","pos","absent"
"661","FAM107A","neg","neg","absent"
"662","NPNT","absent","neg","absent"
"663","AFAP1L2","absent","pos","absent"
"664","PCSK9","absent","neg","absent"
"665","GPRIN1","absent","neg","absent"
"666","STK32A","absent","pos","absent"
"667","NPR1","absent","pos","absent"
"668","WNT10B","absent","neg","absent"
"669","MUC3A","absent","pos","absent"
"670","ZFPM2","absent","neg","absent"
"671","FOXA3","absent","pos","absent"
"672","FSHR","absent","neg","absent"
"673","TRH","absent","pos","absent"
"674","KCNK3","absent","neg","absent"
"675","ESCO2","absent","neg","absent"
"676","PDE7B","absent","neg","absent"
"677","DLK2","absent","neg","absent"
"678","DSCAM","absent","neg","absent"
"679","NHLH1","neg","neg","absent"
"680","MAL","absent","neg","absent"
"681","SMPDL3A","absent","neg","absent"
"682","SLFN11","absent","neg","absent"
"683","LVRN","absent","pos","absent"
"684","HSPA6","absent","pos","absent"
"685","INSM1","absent","neg","absent"
"686","TMEM196","absent","neg","absent"
"687","WFIKKN2","absent","neg","absent"
"688","SNX31","pos","pos","absent"
"689","GALNTL6","absent","neg","absent"
"690","GOLT1A","absent","pos","absent"
"691","WDR49","absent","neg","absent"
"692","RTP1","absent","pos","absent"
"693","ETV4","absent","pos","absent"
"694","FOXG1","neg","neg","absent"
"695","SYNE3","absent","neg","absent"
"696","SLCO3A1","absent","pos","absent"
"697","MIR7-3HG","absent","pos","absent"
"698","EFCAB5","absent","neg","absent"
"699","NIM1K","absent","neg","absent"
"700","RPL10P16","absent","pos","absent"
"701","MAF","pos","pos","absent"
"702","CTNNBIP1","absent","pos","absent"
"703","KCTD12","absent","neg","absent"
"704","LMO7DN","absent","neg","absent"
"705","FJX1","absent","pos","absent"
"706","LRRC3B","pos","pos","absent"
"707","MYL11","pos","pos","absent"
"708","H2AC6","absent","pos","absent"
"709","FAM181B","absent","neg","absent"
"710","SYNM","absent","neg","absent"
"711","ARHGEF37","absent","pos","absent"
"712","RIPPLY3","pos","pos","absent"
"713","CTNNA3","absent","neg","absent"
"714","CCDC60","absent","pos","absent"
"715","GTF2H2C","absent","pos","absent"
"716","FAM162B","absent","neg","absent"
"717","CNTN2","neg","neg","absent"
"718","KCNQ3","absent","neg","absent"
"719","C1QTNF12","absent","pos","absent"
"720","PCDH9","absent","pos","absent"
"721","RALYL","absent","neg","absent"
"722","H2BC21","absent","pos","absent"
"723","MANEAL","absent","neg","absent"
"724","DLK1","absent","pos","absent"
"725","IFITM1","absent","pos","absent"
"726","IRS2","absent","pos","absent"
"727","HYAL3","absent","neg","absent"
"728","SELENOV","absent","pos","absent"
"729","FGF3","absent","pos","absent"
"730","C3orf70","absent","neg","absent"
"731","CCK","pos","pos","absent"
"732","ZNF385C","absent","neg","absent"
"733","TMEM221","absent","pos","absent"
"734","WNT7B","absent","neg","absent"
"735","SERPINA5","absent","pos","absent"
"736","LCTL","absent","pos","absent"
"737","VWC2","absent","neg","absent"
"738","CPNE4","absent","pos","absent"
"739","ADGRA1","absent","neg","absent"
"740","C6orf141","absent","pos","absent"
"741","C5AR1","absent","pos","absent"
"742","DIO3","pos","pos","absent"
"743","PCDHB11","absent","pos","absent"
"744","DMBX1","neg","neg","absent"
"745","PLCG2","absent","neg","absent"
"746","CHSY3","absent","neg","absent"
"747","LPAR1","pos","pos","absent"
"748","SOWAHC","absent","neg","absent"
"749","CD247","pos","pos","absent"
"750","RYR3","absent","pos","absent"
"751","POU3F3","absent","neg","absent"
"752","CSAG1","neg","neg","absent"
"753","LOC124901526","absent","pos","absent"
"754","NTMT2","absent","neg","absent"
"755","CLPSL1","absent","pos","absent"
"756","SP5","neg","neg","absent"
"757","CFAP95","absent","neg","absent"
"758","LRRC10B","absent","neg","absent"
"759","LINC00654","neg","neg","absent"
"760","C17orf107","absent","pos","absent"
"761","ONECUT3","absent","neg","absent"
"762","OLIG2","absent","neg","absent"
"763","LOC100652833","absent","pos","absent"
"764","SNORD38C","absent","pos","absent"
"765","RNU1-56P","absent","pos","absent"
"766","RPL17P39","absent","pos","absent"
"767","RPL15P3","absent","pos","absent"
"768","CFAP45","absent","neg","absent"
"769","RPL8P4","absent","pos","absent"
"770","RPS10P15","absent","pos","absent"
"771","RPS18P2","absent","pos","absent"
"772","RPL31P43","absent","neg","absent"
"773","RPL31P4","absent","pos","absent"
"774","S1PR3","absent","pos","absent"
"775","ITGA1","absent","neg","absent"
"776","RPS3AP26","absent","pos","absent"
"777","RPS3AP21","absent","pos","absent"
"778","RPL13P12","absent","pos","absent"
"779","HMSD","absent","neg","absent"
"780","FXYD7","absent","neg","absent"
"781","LOC105375614","absent","pos","absent"
"782","TINCR","absent","pos","absent"
"783","RPL17P6","absent","pos","absent"
"784","RPL10AP6","absent","pos","absent"
"785","RPS7P10","absent","pos","absent"
"786","LINC00511","absent","neg","absent"
"787","SLC2A1-DT","absent","pos","absent"
"788","SLC9A7P1","absent","pos","absent"
"789","RPS19P7","absent","pos","absent"
"790","RPS13P2","absent","pos","absent"
"791","LOC124908056","pos","pos","absent"
"792","LINC00710","absent","neg","absent"
"793","RPL10P6","absent","pos","absent"
"794","LOC340512","absent","pos","absent"
"795","APCDD1L-DT","absent","pos","absent"
"796","LINC01363","absent","pos","absent"
"797","RPS27AP5","absent","pos","absent"
"798","LOC105375971","neg","neg","absent"
"799","RPS17P16","absent","pos","absent"
"800","RPS11P5","absent","pos","absent"
"801","RPS15P4","absent","pos","absent"
"802","LINC01503","pos","pos","absent"
"803","RPL10P9","absent","pos","absent"
"804","RPL5P34","absent","pos","absent"
"805","NAP1L4P3","absent","pos","absent"
"806","RPL17P18","absent","pos","absent"
"807","LOC100422627","absent","pos","absent"
"808","MNX1-AS2","pos","pos","absent"
"809","RPL26P37","absent","pos","absent"
"810","RPS2P7","absent","pos","absent"
"811","RPL6P27","absent","pos","absent"
"812","NFAM1","absent","pos","absent"
"813","RPL13AP12","absent","pos","absent"
"814","RPL17P36","absent","pos","absent"
"815","SIX3-AS1","pos","pos","absent"
"816","RPL24P8","absent","pos","absent"
"817","LOC101927164","absent","pos","absent"
"818","SCIRT","absent","pos","absent"
"819","LINC02984","absent","neg","absent"
"820","CDK6-AS1","absent","neg","absent"
"821","LOC124902079","absent","pos","absent"
"822","SNORD5","absent","pos","absent"
"823","RPL21P97","absent","pos","absent"
"824","LOC105374042","absent","pos","absent"
"825","RPL34P18","absent","pos","absent"
"826","RPL32P13","absent","pos","absent"
"827","TDGF1","absent","pos","absent"
"828","RPL9P28","absent","pos","absent"
"829","RPL7AP6","absent","pos","absent"
"830","SLC5A4-AS1","absent","pos","absent"
"831","RPS18P5","absent","pos","absent"
"832","RPL21P80","absent","pos","absent"
"833","RPL6P10","absent","pos","absent"
"834","RPS10P11","absent","pos","absent"
"835","CFAP57","absent","neg","absent"
"836","RPL5P17","absent","pos","absent"
"837","RPL23AP65","absent","pos","absent"
"838","RTL9","absent","neg","absent"
"839","RPS17P11","absent","neg","absent"
"840","RPL17P7","absent","pos","absent"
"841","LINC00461","absent","neg","absent"
"842","LOC101928847","absent","neg","absent"
"843","NR2F2-AS1","absent","neg","absent"
"844","ANK2-AS1","absent","pos","absent"
"845","LINC01948","absent","pos","absent"
"846","ACTN3","pos","pos","absent"
"847","PCGF3-AS1","absent","pos","absent"
"848","LINC02891","absent","pos","absent"
"849","PSMC1P5","absent","pos","absent"
"850","PURPL","absent","pos","absent"
"851","FOXD1","absent","neg","absent"
"852","LINC00605","absent","pos","absent"
"853","RNU7-160P","absent","pos","absent"
"854","MIR124-1HG","absent","neg","absent"
"855","NKX2-1-AS1","neg","neg","absent"
"856","RTL1","absent","pos","absent"
"857","NAP1L1P1","absent","pos","absent"
"858","LINC02387","absent","pos","absent"
"859","CLEC5A","absent","pos","absent"
"860","LINC00519","pos","pos","absent"
"861","KIF23-AS1","absent","neg","absent"
"862","DDX59-AS1","pos","pos","absent"
"863","XKR7","absent","neg","absent"
"864","ESRG","absent","pos","absent"
"865","MGC12916","absent","pos","absent"
"866","LOC105371899","absent","pos","absent"
"867","ZNF114-AS1","absent","pos","absent"
"868","LOC100129534","absent","neg","absent"
"869","MTDHP1","pos","pos","absent"
"870","RN7SL715P","absent","neg","absent"
"871","ATP6V1FNB","absent","neg","absent"
"872","TMEM271","absent","neg","absent"
"873","H2BC8","absent","pos","absent"
"874","UHRF1","absent","neg","absent"
"875","CHD9NB","absent","pos","absent"
"876","CISD3","absent","neg","absent"
"877","JAKMIP2-AS1","absent","pos","absent"
"878","HYMAI","absent","neg","absent"
"879","FAM246C","absent","neg","absent"
"880","LOC124903940","absent","pos","absent"
"881","TNFRSF1B","neg","absent","absent"
"882","LGI1","neg","absent","absent"
"883","OLFM3","neg","absent","absent"
"884","GAD1","neg","absent","absent"
"885","PCDH10","pos","absent","absent"
"886","HDC","neg","absent","absent"
"887","SLC47A1","neg","absent","absent"
"888","ZSCAN1","neg","absent","absent"
"889","KLHDC8A","neg","absent","absent"
"890","EMX2","neg","absent","absent"
"891","TNFSF15","pos","absent","absent"
"892","SOX1","neg","absent","absent"
"893","ANKRD34B","neg","absent","absent"
"894","ZFP28","neg","absent","absent"
"895","EMX2OS","neg","absent","absent"
