gene1,gene2,STRING_score,double,gene_mouse,gene_SHH_link,gene_SHH_corr
ABCA1,APOA1,0.999,keep,NA,FALSE,0.0713072748800199
ABCA1,CELSR2,0.546,keep,NA,FALSE,0.0713072748800199
ABCA1,HADHB,0.48,keep,NA,FALSE,0.0713072748800199
ABCA1,NR1I2,0.429,keep,NA,FALSE,0.0713072748800199
ABCA1,MBTPS1,0.509,keep,NA,FALSE,0.0713072748800199
ABCA1,ABCG1,0.54,keep,NA,FALSE,0.0713072748800199
ABCA1,CHD9,0.427,keep,NA,FALSE,0.0713072748800199
ABCA1,TNRC6B,0.521,keep,NA,FALSE,0.0713072748800199
ABCA1,MTTP,0.566,keep,NA,FALSE,0.0713072748800199
ABCA1,RXRA,0.916,keep,NA,FALSE,0.0713072748800199
ABCC4,HPGD,0.424,keep,NA,FALSE,5.70620300408606e-05
ABCC4,NR1I2,0.722,keep,NA,FALSE,5.70620300408606e-05
ABCC4,ABCG1,0.591,keep,NA,FALSE,5.70620300408606e-05
ABCG1,APOA1,0.997,keep,NA,FALSE,0.000396886571911337
ABCG1,HADHB,0.451,keep,NA,FALSE,0.000396886571911337
ABCG1,MTTP,0.42,keep,NA,FALSE,0.000396886571911337
ABCG1,RXRA,0.815,keep,NA,FALSE,0.000396886571911337
ABHD3,LYPLA2,0.488,keep,NA,FALSE,0.000168777149823991
ACAD8,OXCT1,0.431,keep,NA,FALSE,1.75811844469073e-05
ACAD8,HSDL1,0.454,keep,NA,FALSE,1.75811844469073e-05
ACAD8,ACADS,0.939,keep,NA,FALSE,1.75811844469073e-05
ACAD8,ALDH1B1,0.417,keep,NA,FALSE,1.75811844469073e-05
ACAD8,VPS26B,0.422,keep,NA,FALSE,1.75811844469073e-05
ACAD8,ECHDC2,0.555,keep,NA,FALSE,1.75811844469073e-05
ACAD8,CRYL1,0.603,keep,NA,FALSE,1.75811844469073e-05
ACAD8,HADHB,0.704,keep,NA,FALSE,1.75811844469073e-05
ACADS,OXCT1,0.506,keep,NA,FALSE,3.12730894431615e-06
ACADS,PC,0.454,keep,NA,FALSE,3.12730894431615e-06
ACADS,ACSF2,0.548,keep,NA,FALSE,3.12730894431615e-06
ACADS,ECHDC2,0.603,keep,NA,FALSE,3.12730894431615e-06
ACADS,CRYL1,0.645,keep,NA,FALSE,3.12730894431615e-06
ACADS,ALDH1B1,0.885,keep,NA,FALSE,3.12730894431615e-06
ACADS,ALDH7A1,0.887,keep,NA,FALSE,3.12730894431615e-06
ACADS,HADHB,0.985,keep,NA,FALSE,3.12730894431615e-06
ACKR3,GPSM1,0.4,keep,NA,FALSE,0.493720384520869
ACKR3,PSMA7,0.428,keep,NA,FALSE,0.493720384520869
ACKR3,CXCR4,0.996,keep,NA,FALSE,0.493720384520869
ACSF2,CRYL1,0.539,keep,NA,FALSE,0.00094097206134505
ACSF2,HADHB,0.469,keep,NA,FALSE,0.00094097206134505
ACSF2,ECHDC2,0.531,keep,NA,FALSE,0.00094097206134505
ACVR2B,CHRD,0.482,keep,NA,FALSE,0.0468570966093605
ACVR2B,TGFB3,0.495,keep,NA,FALSE,0.0468570966093605
ACVR2B,SNX1,0.557,keep,NA,FALSE,0.0468570966093605
ACVR2B,SMAD7,0.829,keep,NA,FALSE,0.0468570966093605
ACVR2B,LEFTY1,0.921,keep,NA,FALSE,0.0468570966093605
ACVR2B,BMP1,0.439,keep,NA,FALSE,0.0468570966093605
ACVR2B,BMPER,0.67,keep,NA,FALSE,0.0468570966093605
ACVR2B,BMPR2,0.951,keep,NA,FALSE,0.0468570966093605
ACVR2B,TGFBR1,0.999,keep,NA,FALSE,0.0468570966093605
ADCYAP1R1,NTRK2,0.774,keep,NA,FALSE,0.0020994952406617
ADCYAP1R1,GLP1R,0.451,keep,NA,FALSE,0.0020994952406617
ADCYAP1R1,GCGR,0.456,keep,NA,FALSE,0.0020994952406617
ADCYAP1R1,CXCR4,0.451,keep,NA,FALSE,0.0020994952406617
ADCYAP1R1,IGF1R,0.594,keep,NA,FALSE,0.0020994952406617
AFF2,ARHGEF6,0.445,keep,tested,FALSE,0.259293759479568
AFF2,GRM7,0.488,keep,tested,FALSE,0.259293759479568
AFF2,NLGN3,0.439,keep,tested,FALSE,0.259293759479568
AFF2,GRM4,0.545,keep,tested,FALSE,0.259293759479568
AGA,RPS6,0.413,keep,NA,FALSE,0.0013397311711661
AK3,FANCE,0.444,keep,NA,FALSE,0.00974490425983016
AK3,AK5,0.519,keep,NA,FALSE,0.00974490425983016
AK3,MANEAL,0.424,keep,NA,FALSE,0.00974490425983016
AK3,ENPP3,0.902,keep,NA,FALSE,0.00974490425983016
AK5,FANCE,0.444,keep,NA,FALSE,0.00774441219196884
AK5,IGLON5,0.54,keep,NA,FALSE,0.00774441219196884
AK5,PNMA2,0.454,keep,NA,FALSE,0.00774441219196884
AK5,ENPP3,0.902,keep,NA,FALSE,0.00774441219196884
ALDH1B1,ALDH7A1,0.415,keep,NA,FALSE,9.85732431771271e-05
ALPK3,WDR73,0.418,keep,NA,FALSE,3.12545918451766e-05
ANGPTL2,CXCR4,0.561,keep,NA,FALSE,0.0138575381174038
ANKRD11,NCOA3,0.67,keep,NA,FALSE,0.000531011992078754
ANTXR1,ZNF425,0.482,keep,NA,FALSE,0.0548608954176018
ANTXR1,COL12A1,0.57,keep,NA,FALSE,0.0548608954176018
APC,SFRP1,0.428,keep,NA,FALSE,0.119077011048641
APC,KHDRBS3,0.44,keep,NA,FALSE,0.119077011048641
APC,UCKL1,0.475,keep,NA,FALSE,0.119077011048641
APC,VANGL2,0.489,keep,NA,FALSE,0.119077011048641
APC,TLE3,0.508,keep,NA,FALSE,0.119077011048641
APC,TLE2,0.526,keep,NA,FALSE,0.119077011048641
APC,CDH10,0.549,keep,NA,FALSE,0.119077011048641
APC,CDH6,0.552,keep,NA,FALSE,0.119077011048641
APC,CDH15,0.552,keep,NA,FALSE,0.119077011048641
APC,CDH7,0.555,keep,NA,FALSE,0.119077011048641
APEX1,MCM6,0.403,keep,NA,FALSE,1.1834177700845e-06
APEX1,NHEJ1,0.467,keep,NA,FALSE,1.1834177700845e-06
APEX1,ERCC6,0.566,keep,NA,FALSE,1.1834177700845e-06
APOA1,SCG3,0.459,keep,NA,FALSE,0.0558908122561575
APOA1,CHD9,0.4,keep,NA,FALSE,0.0558908122561575
APOA1,C1R,0.547,keep,NA,FALSE,0.0558908122561575
APOA1,RXRA,0.567,keep,NA,FALSE,0.0558908122561575
APOA1,NCAM1,0.612,keep,NA,FALSE,0.0558908122561575
APOA1,BMP1,0.797,keep,NA,FALSE,0.0558908122561575
APOA1,MTTP,0.899,keep,NA,FALSE,0.0558908122561575
APPL2,SHANK2,0.422,keep,NA,FALSE,0.00267933363084146
ARHGEF6,SHANK2,0.526,keep,NA,FALSE,0.00153385851767562
ARHGEF6,DOCK1,0.628,keep,NA,FALSE,0.00153385851767562
ARHGEF6,RAC3,0.927,keep,NA,FALSE,0.00153385851767562
ARMC2,DPY19L2,0.401,keep,NA,FALSE,6.16562220724909e-05
ARMC2,WDR19,0.46,keep,NA,FALSE,6.16562220724909e-05
ASCL1,DLL3,0.681,keep,NA,FALSE,0.0544113572363883
ASCL1,GLI1,0.537,keep,NA,FALSE,0.0544113572363883
ASCL1,NEUROG3,0.705,keep,NA,FALSE,0.0544113572363883
ASCL1,NTRK2,0.41,keep,NA,FALSE,0.0544113572363883
ASCL1,LIN28A,0.47,keep,NA,FALSE,0.0544113572363883
ASCL1,HEY1,0.499,keep,NA,FALSE,0.0544113572363883
ASCL1,ELAVL3,0.508,keep,NA,FALSE,0.0544113572363883
ASCL1,NCAM1,0.527,keep,NA,FALSE,0.0544113572363883
ASCL1,FOXN4,0.55,keep,NA,FALSE,0.0544113572363883
ASCL1,NKX6-2,0.56,keep,NA,FALSE,0.0544113572363883
ASCL1,DCX,0.635,keep,NA,FALSE,0.0544113572363883
ASCL1,NKX2-1,0.654,keep,NA,FALSE,0.0544113572363883
ASCL1,SHH,0.658,keep,NA,TRUE,0.0544113572363883
ASCL1,FOXA2,0.738,keep,NA,FALSE,0.0544113572363883
ASCL1,NES,0.744,keep,NA,FALSE,0.0544113572363883
ASCL1,NKX2-2,0.872,keep,NA,FALSE,0.0544113572363883
ATG14,FOXO1,0.403,keep,NA,FALSE,0.00369628369032008
ATG14,ULK3,0.425,keep,NA,FALSE,0.00369628369032008
ATG14,DYNLL2,0.511,keep,NA,FALSE,0.00369628369032008
ATG14,PIK3C2B,0.6,keep,NA,FALSE,0.00369628369032008
ATG14,ATG4D,0.711,keep,NA,FALSE,0.00369628369032008
ATG14,ATG9B,0.726,keep,NA,FALSE,0.00369628369032008
ATG14,ULK1,0.999,keep,NA,FALSE,0.00369628369032008
ATG4D,ATG9B,0.688,keep,NA,FALSE,2.23601560103196e-07
ATG4D,ULK3,0.707,keep,NA,FALSE,2.23601560103196e-07
ATG4D,ULK1,0.83,keep,NA,FALSE,2.23601560103196e-07
ATG9B,ULK1,0.895,keep,NA,FALSE,1.204770901075e-05
ATG9B,ULK3,0.689,keep,NA,FALSE,1.204770901075e-05
ATP2B4,BMP1,0.487,keep,NA,FALSE,0.0208533618926688
ATP2B4,ITPR1,0.477,keep,NA,FALSE,0.0208533618926688
ATP2B4,G6PD,0.415,keep,NA,FALSE,0.0208533618926688
ATP2B4,GDI2,0.424,keep,NA,FALSE,0.0208533618926688
ATP2B4,KCNQ2,0.443,keep,NA,FALSE,0.0208533618926688
ATP2B4,PTPN6,0.533,keep,NA,FALSE,0.0208533618926688
ATP2B4,SLC26A4,0.584,keep,NA,FALSE,0.0208533618926688
ATP2B4,ATP2C2,0.633,keep,NA,FALSE,0.0208533618926688
ATP2C2,GNPTG,0.52,keep,NA,FALSE,0.161793086395196
B4GALNT1,NR1I2,0.424,keep,NA,FALSE,0.00108716961639988
B4GALNT1,ST8SIA1,0.985,keep,NA,FALSE,0.00108716961639988
BASP1,SOWAHC,0.411,keep,NA,FALSE,0.0617639973124515
BASP1,NCAM1,0.502,keep,NA,FALSE,0.0617639973124515
BCCIP,CYB561D1,0.454,keep,NA,FALSE,0.00619130851888173
BMP1,CHRD,0.984,keep,NA,FALSE,0.0642225946313085
BMP1,TGFB3,0.462,keep,NA,FALSE,0.0642225946313085
BMP1,LOXL1,0.727,keep,NA,FALSE,0.0642225946313085
BMP1,LRP4,0.439,keep,NA,FALSE,0.0642225946313085
BMP1,COL27A1,0.569,keep,NA,FALSE,0.0642225946313085
BMP1,BMPR2,0.707,keep,NA,FALSE,0.0642225946313085
BMP1,C1R,0.92,keep,NA,FALSE,0.0642225946313085
BMPER,CHRD,0.799,keep,NA,FALSE,0.00133356827784874
BMPER,BMPR2,0.678,keep,NA,FALSE,0.00133356827784874
BMPR2,CHRD,0.718,keep,NA,FALSE,0.176559803563537
BMPR2,TGFB3,0.595,keep,NA,FALSE,0.176559803563537
BMPR2,SMAD7,0.884,keep,NA,FALSE,0.176559803563537
BMPR2,KIT,0.683,keep,NA,FALSE,0.176559803563537
BMPR2,NTRK3,0.438,keep,NA,FALSE,0.176559803563537
BMPR2,NES,0.428,keep,NA,FALSE,0.176559803563537
BMPR2,TGFBR1,0.722,keep,NA,FALSE,0.176559803563537
C1R,FBLN1,0.456,keep,NA,FALSE,0.00215483026534597
C7orf25,ZSCAN2,0.418,keep,NA,FALSE,4.35616772756539e-05
CAMK2B,RASGRF2,0.493,keep,NA,FALSE,0.000481714343583125
CAMK2B,GRIA4,0.589,keep,NA,FALSE,0.000481714343583125
CAMK2B,SHANK1,0.434,keep,NA,FALSE,0.000481714343583125
CAMK2B,OPCML,0.47,keep,NA,FALSE,0.000481714343583125
CAMK2B,QKI,0.4,keep,NA,FALSE,0.000481714343583125
CAMK2B,OGT,0.493,keep,NA,FALSE,0.000481714343583125
CAMK2B,MPRIP,0.4,keep,NA,FALSE,0.000481714343583125
CAPN6,DCX,0.56,keep,tested,FALSE,0.424366701381111
CASQ2,CKMT2,0.421,keep,NA,FALSE,0.00919388542495639
CASQ2,MYOCD,0.444,keep,NA,FALSE,0.00919388542495639
CASQ2,SYNPO2,0.466,keep,NA,FALSE,0.00919388542495639
CASQ2,KCNJ8,0.473,keep,NA,FALSE,0.00919388542495639
CASZ1,TP53INP1,0.451,keep,NA,FALSE,0.000351148629410961
CATSPERG,DNAAF1,0.448,keep,NA,FALSE,0.0214818190067102
CCNL2,SRSF6,0.403,keep,NA,FALSE,0.00308195208252196
CCNL2,E2F2,0.544,keep,NA,FALSE,0.00308195208252196
CCNL2,FOXO1,0.418,keep,NA,FALSE,0.00308195208252196
CCNL2,IGF1R,0.4,keep,NA,FALSE,0.00308195208252196
CDH10,MACROD2,0.48,keep,NA,FALSE,0.000196736594166434
CDH10,TLE2,0.532,keep,NA,FALSE,0.000196736594166434
CDH10,SHANK2,0.555,keep,NA,FALSE,0.000196736594166434
CDH10,NLGN3,0.724,keep,NA,FALSE,0.000196736594166434
CDH10,CDH6,0.782,keep,NA,FALSE,0.000196736594166434
CDH10,CDH7,0.827,keep,NA,FALSE,0.000196736594166434
CDH10,CDH15,0.834,keep,NA,FALSE,0.000196736594166434
CDH15,CDH6,0.841,keep,NA,FALSE,3.23981841784576e-06
CDH15,CLDN23,0.49,keep,NA,FALSE,3.23981841784576e-06
CDH15,NCAM1,0.575,keep,NA,FALSE,3.23981841784576e-06
CDH15,CDH7,0.835,keep,NA,FALSE,3.23981841784576e-06
CDH6,CDH7,0.799,keep,NA,FALSE,0.0162166096621244
CELSR1,FZD9,0.758,keep,NA,FALSE,0.0432256505475225
CELSR1,VANGL2,0.975,keep,NA,FALSE,0.0432256505475225
CELSR2,LYPD6,0.439,keep,NA,FALSE,0.0396321235814428
CELSR2,SORCS3,0.658,keep,NA,FALSE,0.0396321235814428
CELSR2,FZD9,0.692,keep,NA,FALSE,0.0396321235814428
CELSR2,VANGL2,0.755,keep,NA,FALSE,0.0396321235814428
CHD9,TIAM2,0.434,keep,NA,FALSE,0.000572936909560125
CHD9,RXRA,0.802,keep,NA,FALSE,0.000572936909560125
CHRD,TGFB3,0.458,keep,NA,FALSE,1.50353944715565e-06
CHRD,NKX2-2,0.49,keep,NA,FALSE,1.50353944715565e-06
CHRD,FRZB,0.534,keep,NA,FALSE,1.50353944715565e-06
CHRD,FOXA2,0.537,keep,NA,FALSE,1.50353944715565e-06
CHRD,SMAD7,0.549,keep,NA,FALSE,1.50353944715565e-06
CHRD,LEFTY1,0.559,keep,NA,FALSE,1.50353944715565e-06
CHRD,OLFM1,0.561,keep,NA,FALSE,1.50353944715565e-06
CHRD,SHH,0.578,keep,NA,TRUE,1.50353944715565e-06
CHRNA3,RIN3,0.418,keep,NA,FALSE,0.00345149327455044
CLDN23,ZC3H12C,0.417,keep,NA,FALSE,0.0167311695433298
CMTM3,CMTM7,0.896,keep,NA,FALSE,0.0041037717910986
CNTN1,ITPR1,0.484,keep,NA,FALSE,2.65144160685114e-05
CNTN1,NFASC,0.998,keep,NA,FALSE,2.65144160685114e-05
CNTN1,PODXL,0.623,keep,NA,FALSE,2.65144160685114e-05
CNTN6,NTRK2,0.466,keep,NA,FALSE,0.620569213455202
CNTN6,NFASC,0.469,keep,NA,FALSE,0.620569213455202
COL12A1,COL8A1,0.67,keep,NA,FALSE,0.000441808597759817
COL12A1,NID1,0.418,keep,NA,FALSE,0.000441808597759817
COL12A1,COL14A1,0.772,keep,NA,FALSE,0.000441808597759817
COL12A1,GPRIN2,0.439,keep,NA,FALSE,0.000441808597759817
COL12A1,FBLN1,0.469,keep,NA,FALSE,0.000441808597759817
COL12A1,COL23A1,0.473,keep,NA,FALSE,0.000441808597759817
COL12A1,COL8A2,0.646,keep,NA,FALSE,0.000441808597759817
COL12A1,COL27A1,0.695,keep,NA,FALSE,0.000441808597759817
COL14A1,TGFB3,0.614,keep,NA,FALSE,0.0136473389625893
COL14A1,COL8A1,0.614,keep,NA,FALSE,0.0136473389625893
COL14A1,NID1,0.596,keep,NA,FALSE,0.0136473389625893
COL14A1,COL27A1,0.535,keep,NA,FALSE,0.0136473389625893
COL14A1,COL23A1,0.538,keep,NA,FALSE,0.0136473389625893
COL14A1,FBLN1,0.596,keep,NA,FALSE,0.0136473389625893
COL14A1,COL8A2,0.757,keep,NA,FALSE,0.0136473389625893
COL23A1,COL8A1,0.642,keep,NA,FALSE,0.00423384613951103
COL23A1,COL27A1,0.571,keep,NA,FALSE,0.00423384613951103
COL23A1,COL8A2,0.608,keep,NA,FALSE,0.00423384613951103
COL27A1,COL8A1,0.542,keep,NA,FALSE,0.00016037723319966
COL27A1,COL8A2,0.599,keep,NA,FALSE,0.00016037723319966
COL8A1,NID1,0.405,keep,NA,FALSE,0.00408483328757876
COL8A1,TGFBR1,0.556,keep,NA,FALSE,0.00408483328757876
COL8A1,COL8A2,0.927,keep,NA,FALSE,0.00408483328757876
COL8A2,CYYR1,0.583,keep,NA,FALSE,0.000133472369372195
COPS8,POLR2I,0.549,keep,NA,FALSE,0.00165881266174951
COPS8,STAMBPL1,0.406,keep,NA,FALSE,0.00165881266174951
COPS8,ERCC6,0.507,keep,NA,FALSE,0.00165881266174951
COPS8,DCAF7,0.521,keep,NA,FALSE,0.00165881266174951
CPE,SCG3,0.803,keep,NA,FALSE,9.93491812086284e-06
CPE,FOXO1,0.492,keep,NA,FALSE,9.93491812086284e-06
CPEB3,IGF1R,0.543,keep,NA,FALSE,0.000409790485785719
CPEB3,STAU2,0.577,keep,NA,FALSE,0.000409790485785719
CRYL1,HPGD,0.62,keep,NA,FALSE,3.77191319245461e-05
CRYL1,ECHDC2,0.738,keep,NA,FALSE,3.77191319245461e-05
CRYL1,HADHB,0.872,keep,NA,FALSE,3.77191319245461e-05
CTDSP1,PHF10,0.438,keep,NA,FALSE,0.0313519560314739
CUX1,DCX,0.442,keep,NA,FALSE,0.00281861386672891
CUX1,PTBP2,0.456,keep,NA,FALSE,0.00281861386672891
CUX1,SOX5,0.484,keep,NA,FALSE,0.00281861386672891
CUX1,NES,0.526,keep,NA,FALSE,0.00281861386672891
CXCR4,GLI1,0.409,keep,NA,FALSE,0.106669358550061
CXCR4,KIT,0.833,keep,NA,FALSE,0.106669358550061
CXCR4,SHH,0.506,keep,NA,TRUE,0.106669358550061
CXCR4,SOX7,0.4,keep,NA,FALSE,0.106669358550061
CXCR4,S1PR1,0.719,keep,NA,FALSE,0.106669358550061
CXCR4,DYRK2,0.445,keep,NA,FALSE,0.106669358550061
CXCR4,NES,0.593,keep,NA,FALSE,0.106669358550061
CXCR4,PSMA7,0.603,keep,NA,FALSE,0.106669358550061
CXCR4,GNA14,0.701,keep,NA,FALSE,0.106669358550061
CXCR4,PODXL,0.433,keep,NA,FALSE,0.106669358550061
CXCR4,FOXO1,0.447,keep,NA,FALSE,0.106669358550061
CXCR4,GPSM1,0.4,keep,NA,FALSE,0.106669358550061
CXCR4,PGF,0.434,keep,NA,FALSE,0.106669358550061
CXCR4,PTPN6,0.481,keep,NA,FALSE,0.106669358550061
CXCR4,FOXA2,0.564,keep,NA,FALSE,0.106669358550061
CXCR4,TGFBR1,0.581,keep,NA,FALSE,0.106669358550061
CXCR4,NCAM1,0.602,keep,NA,FALSE,0.106669358550061
CXCR4,IGF1R,0.697,keep,NA,FALSE,0.106669358550061
DAW1,ZMYND10,0.421,keep,NA,FALSE,0.000397944356189063
DAW1,IQCA1,0.573,keep,NA,FALSE,0.000397944356189063
DAW1,DNAAF1,0.612,keep,NA,FALSE,0.000397944356189063
DCAF7,DYRK2,0.809,keep,NA,FALSE,0.0149811997192877
DCAF7,SOWAHC,0.473,keep,NA,FALSE,0.0149811997192877
DCAF7,FBRSL1,0.849,keep,NA,FALSE,0.0149811997192877
DCAF7,RYBP,0.877,keep,NA,FALSE,0.0149811997192877
DCX,NTRK2,0.532,keep,NA,FALSE,0.327478501750503
DCX,SHH,0.453,keep,NA,TRUE,0.327478501750503
DCX,NFASC,0.885,keep,NA,FALSE,0.327478501750503
DCX,ELAVL3,0.475,keep,NA,FALSE,0.327478501750503
DCX,NES,0.876,keep,NA,FALSE,0.327478501750503
DCX,STK33,0.785,keep,NA,FALSE,0.327478501750503
DCX,TUBA1A,0.594,keep,NA,FALSE,0.327478501750503
DCX,NCAM1,0.675,keep,NA,FALSE,0.327478501750503
DKK3,SFRP1,0.775,keep,NA,FALSE,0.0312702652875736
DKK3,FZD10,0.483,keep,NA,FALSE,0.0312702652875736
DKK3,NKD1,0.469,keep,NA,FALSE,0.0312702652875736
DKK3,WNT4,0.469,keep,NA,FALSE,0.0312702652875736
DKK3,FRZB,0.657,keep,NA,FALSE,0.0312702652875736
DKK3,IGFBP7,0.453,keep,NA,FALSE,0.0312702652875736
DKK3,SHH,0.403,keep,NA,TRUE,0.0312702652875736
DKK3,FZD9,0.501,keep,NA,FALSE,0.0312702652875736
DLEC1,ZMYND10,0.413,keep,NA,FALSE,0.0196765177877422
DLEU7,RNASEH2B,0.46,keep,NA,FALSE,0.133174787640572
DLL3,SHH,0.406,keep,NA,TRUE,0.00181183000403487
DLL3,MYOCD,0.413,keep,NA,FALSE,0.00181183000403487
DLL3,HEY1,0.699,keep,NA,FALSE,0.00181183000403487
DNAAF1,ZMYND10,0.844,keep,NA,FALSE,0.000298276544822291
DNAAF1,IQCD,0.425,keep,NA,FALSE,0.000298276544822291
DOCK1,RAC3,0.938,keep,NA,FALSE,0.0563408111709039
DOCK1,WDR35,0.991,keep,NA,FALSE,0.0563408111709039
DOCK1,PREX1,0.551,keep,NA,FALSE,0.0563408111709039
DOCK1,SHB,0.522,keep,NA,FALSE,0.0563408111709039
DOCK1,TIAM2,0.402,keep,NA,FALSE,0.0563408111709039
DPCD,STK36,0.613,keep,NA,FALSE,2.7717302125345e-06
DPY19L2,TEX15,0.421,keep,NA,FALSE,0.000840213629623312
DPYSL2,NTRK2,0.568,keep,NA,FALSE,0.0217666852287574
DPYSL2,SHANK1,0.511,keep,NA,FALSE,0.0217666852287574
DPYSL2,RTN4,0.416,keep,NA,FALSE,0.0217666852287574
DPYSL2,NTRK3,0.619,keep,NA,FALSE,0.0217666852287574
DPYSL2,TUBA1A,0.438,keep,NA,FALSE,0.0217666852287574
DUSP23,STK38L,0.513,keep,NA,FALSE,0.0039497689456719
DYNLL2,IFT88,0.649,keep,NA,FALSE,0.0216492890641546
DYNLL2,ULK1,0.529,keep,NA,FALSE,0.0216492890641546
DYNLL2,GPRIN2,0.453,keep,NA,FALSE,0.0216492890641546
DYNLL2,TUBA1A,0.455,keep,NA,FALSE,0.0216492890641546
E2F2,MCM6,0.482,keep,NA,FALSE,0.00479585999946509
E2F2,TNRC6B,0.509,keep,NA,FALSE,0.00479585999946509
E2F2,RYBP,0.771,keep,NA,FALSE,0.00479585999946509
ECHDC2,OXCT1,0.448,keep,NA,FALSE,0.0637242505088718
ECHDC2,HPGD,0.535,keep,NA,FALSE,0.0637242505088718
ECHDC2,HADHB,0.671,keep,NA,FALSE,0.0637242505088718
ECHDC2,MRPL40,0.415,keep,NA,FALSE,0.0637242505088718
EDARADD,NPTX2,0.447,keep,NA,FALSE,0.000155538415205161
EFHD1,ERMN,0.488,keep,NA,FALSE,0.0123568024028895
EFHD2,PUS7,0.403,keep,NA,FALSE,0.0116756552918411
EIF5,NMD3,0.551,keep,NA,FALSE,0.272318560861808
EIF5,RPS6,0.982,keep,NA,FALSE,0.272318560861808
ELAVL3,NES,0.407,keep,NA,FALSE,0.00726353907702157
ELAVL3,NOVA1,0.491,keep,NA,FALSE,0.00726353907702157
ELF4,NCAM1,0.444,keep,NA,FALSE,0.0183424673800256
EMD,SSPN,0.472,keep,NA,FALSE,0.0328487768454607
EMD,RAC3,0.593,keep,NA,FALSE,0.0328487768454607
ENPP3,NMNAT2,0.904,keep,NA,FALSE,3.56409797519516e-14
ENPP3,KIT,0.412,keep,NA,FALSE,3.56409797519516e-14
ENPP3,LRRC3,0.407,keep,NA,FALSE,3.56409797519516e-14
ENPP3,UCKL1,0.907,keep,NA,FALSE,3.56409797519516e-14
ENPP3,SLC45A1,0.412,keep,NA,FALSE,3.56409797519516e-14
EPHA3,NCAM1,0.421,keep,NA,FALSE,0.0659212985522713
EPHA3,EPHB6,0.54,keep,NA,FALSE,0.0659212985522713
ERCC6,POLR2I,0.995,keep,NA,FALSE,0.00204251279467302
ERCC6,RAD50,0.501,keep,NA,FALSE,0.00204251279467302
ERCC6L2,NHEJ1,0.483,keep,NA,FALSE,0.0187055897364217
ERCC6L2,TGFBR1,0.422,keep,NA,FALSE,0.0187055897364217
ERMN,MYRF,0.533,keep,NA,FALSE,0.0177364427356663
EXOC7,SNX1,0.577,keep,NA,FALSE,0.066769588243386
EXOC7,IFT88,0.403,keep,NA,FALSE,0.066769588243386
EXTL2,HS6ST1,0.48,keep,NA,FALSE,0.116936258041395
FANCE,KCNQ2,0.469,keep,NA,FALSE,7.47188314924801e-05
FANCE,RMI1,0.613,keep,NA,FALSE,7.47188314924801e-05
FANCE,GAGE10,0.645,keep,NA,FALSE,7.47188314924801e-05
FANCE,RPS6,0.976,keep,NA,FALSE,7.47188314924801e-05
FANK1,RYBP,0.543,keep,NA,FALSE,6.99432274965655e-05
FBLN1,SFRP1,0.467,keep,NA,FALSE,0.00666907917797056
FBLN1,LOXL1,0.534,keep,NA,FALSE,0.00666907917797056
FBLN1,NID1,0.835,keep,NA,FALSE,0.00666907917797056
FBRSL1,RYBP,0.888,keep,NA,FALSE,0.00182342339266466
FBXL16,SHANK2,0.402,keep,NA,FALSE,0.00219694802951909
FBXL16,KCNQ2,0.477,keep,NA,FALSE,0.00219694802951909
FGF12,KIT,0.459,keep,NA,FALSE,0.125405368292902
FGF12,SHH,0.408,keep,NA,TRUE,0.125405368292902
FGF12,FGFR3,0.664,keep,NA,FALSE,0.125405368292902
FGF12,FGFRL1,0.681,keep,NA,FALSE,0.125405368292902
FGF12,KCNJ8,0.441,keep,NA,FALSE,0.125405368292902
FGF12,IGF1R,0.441,keep,NA,FALSE,0.125405368292902
FGF19,NTRK2,0.692,keep,NA,FALSE,0.0069302583719036
FGF19,KIT,0.768,keep,NA,FALSE,0.0069302583719036
FGF19,FGFRL1,0.415,keep,NA,FALSE,0.0069302583719036
FGF19,SHH,0.462,keep,NA,TRUE,0.0069302583719036
FGF19,NR1I2,0.483,keep,NA,FALSE,0.0069302583719036
FGF19,IGF1R,0.718,keep,NA,FALSE,0.0069302583719036
FGF19,FGFR3,0.933,keep,NA,FALSE,0.0069302583719036
FGFR3,NTRK2,0.479,keep,NA,FALSE,0.295248919125903
FGFR3,SLC26A2,0.535,keep,NA,FALSE,0.295248919125903
FGFR3,SHH,0.633,keep,NA,TRUE,0.295248919125903
FGFR3,OPCML,0.473,keep,NA,FALSE,0.295248919125903
FGFR3,PTCH1,0.423,keep,NA,FALSE,0.295248919125903
FGFR3,HOPX,0.434,keep,NA,FALSE,0.295248919125903
FGFR3,NTRK3,0.481,keep,NA,FALSE,0.295248919125903
FGFR3,NES,0.545,keep,NA,FALSE,0.295248919125903
FGFR3,IDH1,0.599,keep,NA,FALSE,0.295248919125903
FGFR3,PGF,0.689,keep,NA,FALSE,0.295248919125903
FLCN,ULK1,0.432,keep,NA,FALSE,2.87136688500623e-06
FLCN,RAB34,0.539,keep,NA,FALSE,2.87136688500623e-06
FLCN,RPS6,0.546,keep,NA,FALSE,2.87136688500623e-06
FLCN,RRAGD,0.983,keep,NA,FALSE,2.87136688500623e-06
FMO5,NR1I2,0.411,keep,NA,FALSE,0.000460595665974712
FMO5,WNT4,0.439,keep,NA,FALSE,0.000460595665974712
FMO5,HDC,0.492,keep,NA,FALSE,0.000460595665974712
FOXA2,SFRP1,0.5,keep,NA,FALSE,0.420851659651168
FOXA2,GLI1,0.511,keep,NA,FALSE,0.420851659651168
FOXA2,NEUROG3,0.795,keep,NA,FALSE,0.420851659651168
FOXA2,SALL1,0.526,keep,NA,FALSE,0.420851659651168
FOXA2,GATA5,0.697,keep,NA,FALSE,0.420851659651168
FOXA2,NPTX2,0.448,keep,NA,FALSE,0.420851659651168
FOXA2,LEFTY1,0.514,keep,NA,FALSE,0.420851659651168
FOXA2,SHH,0.956,keep,NA,TRUE,0.420851659651168
FOXA2,SOX7,0.588,keep,NA,FALSE,0.420851659651168
FOXA2,PTCH1,0.443,keep,NA,FALSE,0.420851659651168
FOXA2,NR1I2,0.436,keep,NA,FALSE,0.420851659651168
FOXA2,NKX2-1,0.778,keep,NA,FALSE,0.420851659651168
FOXA2,NES,0.637,keep,NA,FALSE,0.420851659651168
FOXA2,NKX6-2,0.822,keep,NA,FALSE,0.420851659651168
FOXA2,LIN28A,0.433,keep,NA,FALSE,0.420851659651168
FOXA2,NKX2-2,0.855,keep,NA,FALSE,0.420851659651168
FOXA2,TLE3,0.412,keep,NA,FALSE,0.420851659651168
FOXA2,FOXD1,0.48,keep,NA,FALSE,0.420851659651168
FOXB1,NEUROG3,0.437,keep,NA,FALSE,0.0366319420907818
FOXB1,NKX2-8,0.408,keep,NA,FALSE,0.0366319420907818
FOXB1,SOX5,0.441,keep,NA,FALSE,0.0366319420907818
FOXD1,SALL1,0.488,keep,NA,FALSE,8.85397674966948e-06
FOXD1,WNT4,0.487,keep,NA,FALSE,8.85397674966948e-06
FOXD1,SHH,0.605,keep,NA,TRUE,8.85397674966948e-06
FOXD1,NKX2-1,0.515,keep,NA,FALSE,8.85397674966948e-06
FOXO1,NEUROG3,0.488,keep,NA,FALSE,0.0773664950596631
FOXO1,RORA,0.631,keep,NA,FALSE,0.0773664950596631
FOXO1,S1PR1,0.468,keep,NA,FALSE,0.0773664950596631
FOXO1,ULK1,0.464,keep,NA,FALSE,0.0773664950596631
FOXO1,NR1I2,0.779,keep,NA,FALSE,0.0773664950596631
FOXO1,NKX6-2,0.415,keep,NA,FALSE,0.0773664950596631
FOXO1,NCOA3,0.544,keep,NA,FALSE,0.0773664950596631
FOXO1,GLP1R,0.644,keep,NA,FALSE,0.0773664950596631
FOXO1,OGT,0.948,keep,NA,FALSE,0.0773664950596631
FOXO1,RBM3,0.439,keep,NA,FALSE,0.0773664950596631
FOXO1,IKZF4,0.449,keep,NA,FALSE,0.0773664950596631
FOXO1,RPS6,0.461,keep,NA,FALSE,0.0773664950596631
FOXO1,IGF1R,0.783,keep,NA,FALSE,0.0773664950596631
FRZB,SFRP1,0.466,keep,tested,FALSE,0.556107652448465
FRZB,WNT4,0.626,keep,tested,FALSE,0.556107652448465
FRZB,SMOC2,0.428,keep,tested,FALSE,0.556107652448465
FRZB,SHH,0.438,keep,tested,TRUE,0.556107652448465
FRZB,VANGL2,0.652,keep,tested,FALSE,0.556107652448465
FZD10,SFRP1,0.716,keep,NA,FALSE,2.92694764823093e-05
FZD10,VANGL2,0.425,keep,NA,FALSE,2.92694764823093e-05
FZD10,NKD1,0.518,keep,NA,FALSE,2.92694764823093e-05
FZD10,WNT4,0.859,keep,NA,FALSE,2.92694764823093e-05
FZD9,SFRP1,0.726,keep,NA,FALSE,0.00562768889898243
FZD9,NKD1,0.449,keep,NA,FALSE,0.00562768889898243
FZD9,NTRK2,0.444,keep,NA,FALSE,0.00562768889898243
FZD9,WNT4,0.958,keep,NA,FALSE,0.00562768889898243
FZD9,SHH,0.592,keep,NA,TRUE,0.00562768889898243
FZD9,VANGL2,0.869,keep,NA,FALSE,0.00562768889898243
G6PD,IDH1,0.781,keep,NA,FALSE,0.00275233443138684
G6PD,PC,0.795,keep,NA,FALSE,0.00275233443138684
GABRG2,GRIA4,0.486,keep,NA,FALSE,1.87774802839506e-05
GABRG2,GRM7,0.459,keep,NA,FALSE,1.87774802839506e-05
GABRG2,KCNQ2,0.709,keep,NA,FALSE,1.87774802839506e-05
GABRG2,GRIK3,0.431,keep,NA,FALSE,1.87774802839506e-05
GABRG2,NOVA1,0.727,keep,NA,FALSE,1.87774802839506e-05
GABRG2,GABRQ,0.789,keep,NA,FALSE,1.87774802839506e-05
GAGE10,RPS6,0.786,keep,NA,FALSE,1.53076632917978e-06
GALNS,GNPTG,0.448,keep,NA,FALSE,0.00154854465539406
GALNS,NCAN,0.408,keep,NA,FALSE,0.00154854465539406
GALNT9,SHANK2,0.405,keep,NA,FALSE,0.000386924660042581
GALR1,GPSM1,0.4,keep,NA,FALSE,0.0249606022835015
GALR1,GPER1,0.503,keep,NA,FALSE,0.0249606022835015
GALR1,NMUR1,0.539,keep,NA,FALSE,0.0249606022835015
GATA5,SFRP1,0.521,keep,NA,FALSE,0.000195961367269441
GATA5,MCM6,0.549,keep,NA,FALSE,0.000195961367269441
GATA5,ZFPM2,0.815,keep,NA,FALSE,0.000195961367269441
GCGR,RAMP2,0.441,keep,NA,FALSE,0.000131257808137947
GCGR,GLP1R,0.693,keep,NA,FALSE,0.000131257808137947
GDI2,RIN3,0.4,keep,NA,FALSE,1.08151808332941e-05
GDI2,RIN2,0.434,keep,NA,FALSE,1.08151808332941e-05
GDI2,RAB34,0.46,keep,NA,FALSE,1.08151808332941e-05
GDI2,RAB31,0.908,keep,NA,FALSE,1.08151808332941e-05
GFRA2,GFRA3,0.695,keep,NA,FALSE,0.000831208164691802
GFRA2,NTRK2,0.54,keep,NA,FALSE,0.000831208164691802
GFRA2,NTRK3,0.528,keep,NA,FALSE,0.000831208164691802
GFRA2,NCAM1,0.738,keep,NA,FALSE,0.000831208164691802
GFRA3,PGF,0.411,keep,NA,FALSE,0.000228792591034652
GFRA3,NTRK3,0.457,keep,NA,FALSE,0.000228792591034652
GFRA3,NTRK2,0.612,keep,NA,FALSE,0.000228792591034652
GLI1,SFRP1,0.691,keep,NA,FALSE,0.0788665442997865
GLI1,HEY1,0.403,keep,NA,FALSE,0.0788665442997865
GLI1,IGF1R,0.407,keep,NA,FALSE,0.0788665442997865
GLI1,WNT4,0.424,keep,NA,FALSE,0.0788665442997865
GLI1,NKX6-2,0.434,keep,NA,FALSE,0.0788665442997865
GLI1,NKX2-1,0.451,keep,NA,FALSE,0.0788665442997865
GLI1,PSMA7,0.458,keep,NA,FALSE,0.0788665442997865
GLI1,KIT,0.536,keep,NA,FALSE,0.0788665442997865
GLI1,SMAD7,0.577,keep,NA,FALSE,0.0788665442997865
GLI1,NES,0.587,keep,NA,FALSE,0.0788665442997865
GLI1,NKX2-2,0.591,keep,NA,FALSE,0.0788665442997865
GLI1,IFT88,0.775,keep,NA,FALSE,0.0788665442997865
GLI1,ULK3,0.84,keep,NA,FALSE,0.0788665442997865
GLI1,PTCH2,0.842,keep,NA,FALSE,0.0788665442997865
GLI1,STK36,0.966,keep,NA,FALSE,0.0788665442997865
GLI1,PTCH1,0.978,keep,NA,FALSE,0.0788665442997865
GLI1,SHH,0.979,keep,NA,TRUE,0.0788665442997865
GLP1R,PGRMC1,0.421,keep,NA,FALSE,0.00371453529508141
GLP1R,NEUROG3,0.683,keep,NA,FALSE,0.00371453529508141
GLP1R,NKX6-2,0.449,keep,NA,FALSE,0.00371453529508141
GNA14,TACR1,0.698,keep,NA,FALSE,9.09557946702484e-05
GNA14,ITPR1,0.63,keep,NA,FALSE,9.09557946702484e-05
GNA14,QKI,0.402,keep,NA,FALSE,9.09557946702484e-05
GNPTG,MBTPS1,0.514,keep,NA,FALSE,0.0699197877994745
GPER1,PGRMC1,0.548,keep,NA,FALSE,2.48754901677785e-06
GPER1,NMUR1,0.508,keep,NA,FALSE,2.48754901677785e-06
GPER1,GPSM1,0.413,keep,NA,FALSE,2.48754901677785e-06
GPER1,IGF1R,0.565,keep,NA,FALSE,2.48754901677785e-06
GPRIN2,SHANK2,0.488,keep,NA,FALSE,0.00564709931246992
GPSM1,NMUR1,0.4,keep,NA,FALSE,9.74350555687654e-05
GPSM1,GRM7,0.445,keep,NA,FALSE,9.74350555687654e-05
GPSM1,HTR1D,0.424,keep,NA,FALSE,9.74350555687654e-05
GPSM1,GRM4,0.417,keep,NA,FALSE,9.74350555687654e-05
GPSM1,GRM6,0.468,keep,NA,FALSE,9.74350555687654e-05
GREB1,SALL1,0.435,keep,NA,FALSE,0.00694446146709049
GREB1,WNT4,0.496,keep,NA,FALSE,0.00694446146709049
GREB1,NCOA3,0.814,keep,NA,FALSE,0.00694446146709049
GREB1,TNRC6B,0.526,keep,NA,FALSE,0.00694446146709049
GRIA4,NPTX2,0.8,keep,NA,FALSE,0.0758217147837081
GRIA4,NTRK2,0.42,keep,NA,FALSE,0.0758217147837081
GRIA4,SHH,0.412,keep,NA,TRUE,0.0758217147837081
GRIA4,SHANK1,0.45,keep,NA,FALSE,0.0758217147837081
GRIA4,NCAM1,0.504,keep,NA,FALSE,0.0758217147837081
GRIA4,NTRK3,0.531,keep,NA,FALSE,0.0758217147837081
GRIA4,SHANK2,0.579,keep,NA,FALSE,0.0758217147837081
GRIA4,SYNDIG1,0.59,keep,NA,FALSE,0.0758217147837081
GRIA4,GRM6,0.615,keep,NA,FALSE,0.0758217147837081
GRIA4,GRM4,0.662,keep,NA,FALSE,0.0758217147837081
GRIA4,GRIK3,0.672,keep,NA,FALSE,0.0758217147837081
GRIA4,GRM7,0.734,keep,NA,FALSE,0.0758217147837081
GRIA4,GRIK4,0.756,keep,NA,FALSE,0.0758217147837081
GRIK3,GRM7,0.524,keep,NA,FALSE,0.334102706504597
GRIK3,GRM4,0.566,keep,NA,FALSE,0.334102706504597
GRIK3,GRM6,0.577,keep,NA,FALSE,0.334102706504597
GRIK3,GRIK4,0.991,keep,NA,FALSE,0.334102706504597
GRIK4,SHANK2,0.553,keep,NA,FALSE,1.57521321032259e-06
GRIK4,GRM7,0.705,keep,NA,FALSE,1.57521321032259e-06
GRIK4,GRM6,0.578,keep,NA,FALSE,1.57521321032259e-06
GRIK4,GRM4,0.588,keep,NA,FALSE,1.57521321032259e-06
GRM4,GRM7,0.87,keep,NA,FALSE,0.00111072790924883
GRM4,HTR1D,0.466,keep,NA,FALSE,0.00111072790924883
GRM4,GRM6,0.952,keep,NA,FALSE,0.00111072790924883
GRM6,GRM7,0.667,keep,NA,FALSE,1.55884383730995e-06
GRM6,HTR1D,0.451,keep,NA,FALSE,1.55884383730995e-06
GRM6,MYOCD,0.471,keep,NA,FALSE,1.55884383730995e-06
HADHB,OXCT1,0.944,keep,NA,FALSE,0.0516989312277486
HADHB,HSDL1,0.441,keep,NA,FALSE,0.0516989312277486
HADHB,LRRC46,0.406,keep,NA,FALSE,0.0516989312277486
HADHB,MDH1B,0.421,keep,NA,FALSE,0.0516989312277486
HADHB,PC,0.432,keep,NA,FALSE,0.0516989312277486
HADHB,IDH1,0.598,keep,NA,FALSE,0.0516989312277486
HDC,TPH1,0.606,keep,NA,FALSE,5.79124294606487e-05
HEY1,NKD1,0.545,keep,NA,FALSE,0.0246888393136628
HEY1,SHH,0.445,keep,NA,TRUE,0.0246888393136628
HOPX,S1PR1,0.444,keep,NA,FALSE,0.0199523309435878
HOPX,SMOC2,0.468,keep,NA,FALSE,0.0199523309435878
HOPX,NKX2-1,0.697,keep,NA,FALSE,0.0199523309435878
HSDL1,MBTPS1,0.44,keep,NA,FALSE,0.00328761173417456
HTR1D,TPH1,0.802,keep,NA,FALSE,0.255519957979713
IDH1,PGRMC1,0.403,keep,NA,FALSE,0.0449174326900351
IDH1,KIT,0.698,keep,NA,FALSE,0.0449174326900351
IDH1,NES,0.453,keep,NA,FALSE,0.0449174326900351
IDH1,MDH1B,0.692,keep,NA,FALSE,0.0449174326900351
IDH1,TET3,0.51,keep,NA,FALSE,0.0449174326900351
IDH1,PC,0.761,keep,NA,FALSE,0.0449174326900351
IFT88,SNX1,0.416,keep,NA,FALSE,0.00169037910960148
IFT88,SHH,0.816,keep,NA,TRUE,0.00169037910960148
IFT88,WDR35,0.885,keep,NA,FALSE,0.00169037910960148
IFT88,VANGL2,0.656,keep,NA,FALSE,0.00169037910960148
IFT88,PTCH1,0.742,keep,NA,FALSE,0.00169037910960148
IFT88,WDR19,0.91,keep,NA,FALSE,0.00169037910960148
IFT88,TRAF3IP1,0.993,keep,NA,FALSE,0.00169037910960148
IFT88,UBXN10,0.995,keep,NA,FALSE,0.00169037910960148
IGF1R,SMAD7,0.418,keep,NA,FALSE,0.171417071798311
IGF1R,KIT,0.563,keep,NA,FALSE,0.171417071798311
IGF1R,IGFBP7,0.841,keep,NA,FALSE,0.171417071798311
IGF1R,SHH,0.431,keep,NA,TRUE,0.171417071798311
IGF1R,RPS6,0.459,keep,NA,FALSE,0.171417071798311
IGF1R,PTPN6,0.432,keep,NA,FALSE,0.171417071798311
IGF1R,PGF,0.744,keep,NA,FALSE,0.171417071798311
IGFBP7,S1PR1,0.425,keep,NA,FALSE,0.000201063755984576
IGLON5,NFASC,0.454,keep,NA,FALSE,0.000853079880767648
IGLON5,PNMA2,0.804,keep,NA,FALSE,0.000853079880767648
IKZF4,LHFPL4,0.413,keep,NA,FALSE,0.00905381620745349
IQCA1,IQCD,0.494,keep,NA,FALSE,0.0227047852633724
IQCD,TEKT2,0.487,keep,NA,FALSE,0.00189390843609153
ITPR1,RORA,0.914,keep,NA,FALSE,0.00135768713405362
ITPR1,NTRK2,0.462,keep,NA,FALSE,0.00135768713405362
ITPR1,SHANK1,0.696,keep,NA,FALSE,0.00135768713405362
JMJD4,PHF2,0.4,keep,NA,FALSE,2.81976505282123e-06
KBTBD7,KLHL5,0.4,keep,NA,FALSE,7.61257072089798e-06
KCNJ8,KCNN2,0.591,keep,NA,FALSE,9.18382668478654e-05
KCNN2,KCNQ2,0.455,keep,NA,FALSE,1.78591910568795e-05
KCNQ2,NFASC,0.867,keep,NA,FALSE,3.44830359608765e-05
KCNQ2,SHANK2,0.53,keep,NA,FALSE,3.44830359608765e-05
KCNQ2,RPS6,0.581,keep,NA,FALSE,3.44830359608765e-05
KHDRBS3,NOVA1,0.455,keep,NA,FALSE,0.00474702397319914
KHDRBS3,RBM3,0.549,keep,NA,FALSE,0.00474702397319914
KHDRBS3,PTBP2,0.784,keep,NA,FALSE,0.00474702397319914
KIT,NID1,0.423,keep,NA,FALSE,0.0125550723908042
KIT,TGFBR1,0.4,keep,NA,FALSE,0.0125550723908042
KIT,PTCH1,0.416,keep,NA,FALSE,0.0125550723908042
KIT,LIN28A,0.446,keep,NA,FALSE,0.0125550723908042
KIT,NKX2-1,0.45,keep,NA,FALSE,0.0125550723908042
KIT,SHH,0.464,keep,NA,TRUE,0.0125550723908042
KIT,TET3,0.475,keep,NA,FALSE,0.0125550723908042
KIT,PIK3C2B,0.534,keep,NA,FALSE,0.0125550723908042
KIT,NES,0.587,keep,NA,FALSE,0.0125550723908042
KIT,PSMA7,0.72,keep,NA,FALSE,0.0125550723908042
KIT,NCAM1,0.785,keep,NA,FALSE,0.0125550723908042
KIT,PGF,0.798,keep,NA,FALSE,0.0125550723908042
KIT,PTPN6,0.856,keep,NA,FALSE,0.0125550723908042
KLHL5,WDR19,0.547,keep,NA,FALSE,0.568369744219811
LEFTY1,SFRP1,0.447,keep,NA,FALSE,1.63782096055271e-05
LEFTY1,TGFB3,0.912,keep,NA,FALSE,1.63782096055271e-05
LEFTY1,LIN28A,0.418,keep,NA,FALSE,1.63782096055271e-05
LEFTY1,PCSK6,0.494,keep,NA,FALSE,1.63782096055271e-05
LEFTY1,SHH,0.584,keep,NA,TRUE,1.63782096055271e-05
LHFPL4,NLGN3,0.587,keep,NA,FALSE,3.70225692338032e-05
LIN28A,SALL1,0.407,keep,NA,FALSE,0.0109733262503473
LIN28A,NES,0.533,keep,NA,FALSE,0.0109733262503473
LIN28A,ZNF362,0.546,keep,NA,FALSE,0.0109733262503473
LRP4,SHH,0.414,keep,NA,TRUE,0.12916900475785
LRRC3,SLC45A1,0.446,keep,NA,FALSE,3.25633323691488e-06
LRRC46,ZMYND10,0.663,keep,NA,FALSE,0.000236372005756917
LYST,VTA1,0.948,keep,NA,FALSE,0.00428948997424823
MACROD2,TGFBR1,0.51,keep,NA,FALSE,6.87018055992485e-06
MBD6,OGT,0.412,keep,NA,FALSE,0.000136698367178721
MBTPS1,PCSK6,0.834,keep,NA,FALSE,0.00739477852390269
MCM6,RNASEH2B,0.417,keep,NA,FALSE,4.97238688688167e-05
MDH1B,PC,0.599,keep,NA,FALSE,0.00413131291470064
METTL25,METTL9,0.734,keep,NA,FALSE,0.00209394918919397
MEX3B,PTBP2,0.427,keep,NA,FALSE,0.00246556657644839
MFSD6,TMTC2,0.457,keep,NA,FALSE,0.00227081839649658
MPPED1,UCKL1,0.624,keep,NA,FALSE,0.143744926484665
MPRIP,QKI,0.59,keep,NA,FALSE,1.10089975887351e-05
MRC2,ZNF358,0.452,keep,NA,FALSE,0.000891197842325625
MRPL40,USP44,0.49,keep,NA,FALSE,0.00123940952892026
MYO1D,TMOD2,0.417,keep,NA,FALSE,0.000227614690353505
MYOCD,SYNPO2,0.519,keep,NA,FALSE,0.0896004509185944
MYOCD,NCOA3,0.631,keep,NA,FALSE,0.0896004509185944
MYOCD,ZFPM2,0.483,keep,NA,FALSE,0.0896004509185944
MYRF,NKX6-2,0.49,keep,NA,FALSE,0.584670877252594
MYRF,SLC39A1,0.506,keep,NA,FALSE,0.584670877252594
MYRF,NKX2-2,0.617,keep,NA,FALSE,0.584670877252594
MYRF,TMEM98,0.759,keep,NA,FALSE,0.584670877252594
NCAM1,NCAN,0.969,keep,NA,FALSE,0.0806611808596926
NCAM1,NTRK2,0.693,keep,NA,FALSE,0.0806611808596926
NCAM1,SHH,0.467,keep,NA,TRUE,0.0806611808596926
NCAM1,NKX2-1,0.632,keep,NA,FALSE,0.0806611808596926
NCAM1,NLGN3,0.58,keep,NA,FALSE,0.0806611808596926
NCAM1,ULBP3,0.543,keep,NA,FALSE,0.0806611808596926
NCAM1,NES,0.665,keep,NA,FALSE,0.0806611808596926
NCAM1,PODXL,0.465,keep,NA,FALSE,0.0806611808596926
NCAN,OPCML,0.409,keep,NA,FALSE,0.000633479086048406
NCOA3,NR1I2,0.553,keep,NA,FALSE,0.00236981990238958
NCOA3,NKX2-1,0.514,keep,NA,FALSE,0.00236981990238958
NCOA3,TNRC6B,0.531,keep,NA,FALSE,0.00236981990238958
NCOA3,RXRA,0.988,keep,NA,FALSE,0.00236981990238958
NDRG2,STK38L,0.929,keep,NA,FALSE,0.00112491847841398
NES,NEUROG3,0.5,keep,NA,FALSE,0.173820223332922
NES,SLIT1,0.515,keep,NA,FALSE,0.173820223332922
NES,NTRK2,0.546,keep,NA,FALSE,0.173820223332922
NES,WNT4,0.405,keep,NA,FALSE,0.173820223332922
NES,SHH,0.703,keep,NA,TRUE,0.173820223332922
NES,PTCH1,0.432,keep,NA,FALSE,0.173820223332922
NES,NKX2-1,0.431,keep,NA,FALSE,0.173820223332922
NES,PSMA7,0.424,keep,NA,FALSE,0.173820223332922
NES,NKX2-2,0.506,keep,NA,FALSE,0.173820223332922
NES,NKX6-2,0.671,keep,NA,FALSE,0.173820223332922
NEUROG3,SOHLH2,0.47,keep,NA,FALSE,0.00260619253597112
NEUROG3,NKX6-2,0.876,keep,NA,FALSE,0.00260619253597112
NEUROG3,NKX2-2,0.953,keep,NA,FALSE,0.00260619253597112
NKD1,SFRP1,0.434,keep,NA,FALSE,0.265435522372461
NKD1,WNT4,0.415,keep,NA,FALSE,0.265435522372461
NKD1,VANGL2,0.58,keep,NA,FALSE,0.265435522372461
NKX2-1,SHH,0.689,keep,NA,TRUE,0.586649938657414
NKX2-1,PTCH1,0.407,keep,NA,FALSE,0.586649938657414
NKX2-1,SLC26A4,0.727,keep,NA,FALSE,0.586649938657414
NKX2-2,SHH,0.821,keep,NA,TRUE,0.338227513580033
NKX2-2,PTCH1,0.527,keep,NA,FALSE,0.338227513580033
NKX2-2,NKX6-2,0.564,keep,NA,FALSE,0.338227513580033
NKX2-2,TLE3,0.975,keep,NA,FALSE,0.338227513580033
NKX6-2,SLIT1,0.732,keep,NA,FALSE,0.000621788683985722
NKX6-2,SHH,0.642,keep,NA,TRUE,0.000621788683985722
NKX6-2,TLE3,0.758,keep,NA,FALSE,0.000621788683985722
NLGN3,NTRK2,0.408,keep,NA,FALSE,0.0635305170825713
NLGN3,SHANK1,0.904,keep,NA,FALSE,0.0635305170825713
NLGN3,SHANK2,0.958,keep,NA,FALSE,0.0635305170825713
NLGN3,TLE2,0.495,keep,NA,FALSE,0.0635305170825713
NMD3,PHF2,0.565,keep,NA,FALSE,0.0429657504609855
NMD3,ST8SIA1,0.617,keep,NA,FALSE,0.0429657504609855
NMD3,PUS7,0.484,keep,NA,FALSE,0.0429657504609855
NOVA1,SRSF6,0.548,keep,NA,FALSE,0.0362625648550079
NOVA1,QKI,0.455,keep,NA,FALSE,0.0362625648550079
NOVA1,PTBP2,0.87,keep,NA,FALSE,0.0362625648550079
NOVA1,RBM3,0.402,keep,NA,FALSE,0.0362625648550079
NPTX2,TEX15,0.429,keep,NA,FALSE,0.0227163640340537
NPTX2,PPP1R14C,0.466,keep,NA,FALSE,0.0227163640340537
NR1I2,RXRA,0.999,keep,NA,FALSE,0.000325764065971598
NTRK2,P2RX3,0.422,keep,NA,FALSE,0.67648009689057
NTRK2,OPCML,0.53,keep,NA,FALSE,0.67648009689057
NTRK2,PGF,0.685,keep,NA,FALSE,0.67648009689057
NTRK2,NTRK3,0.969,keep,NA,FALSE,0.67648009689057
NTRK3,SHANK1,0.511,keep,NA,FALSE,0.0051870219629433
NTRK3,PTCH1,0.41,keep,NA,FALSE,0.0051870219629433
NTRK3,ZFPM2,0.436,keep,NA,FALSE,0.0051870219629433
OGT,TET3,0.975,keep,NA,FALSE,3.14298808498165e-05
OLFML3,SALL1,0.586,keep,NA,FALSE,0.000117927567951133
OLFML3,TGFBR1,0.443,keep,NA,FALSE,0.000117927567951133
OTOG,SLC26A4,0.554,keep,NA,FALSE,4.89517871337012e-08
OXCT1,PC,0.531,keep,NA,FALSE,2.34960768534111e-05
P2RX3,TACR1,0.43,keep,NA,FALSE,0.00433892041242484
PGF,PODXL,0.406,keep,NA,FALSE,0.0572424918375152
PGF,TYMP,0.401,keep,NA,FALSE,0.0572424918375152
PHF10,SMOC2,0.433,keep,NA,FALSE,4.88865345550198e-05
PHF10,PTBP2,0.537,keep,NA,FALSE,4.88865345550198e-05
PHF10,SMARCC2,0.999,keep,NA,FALSE,4.88865345550198e-05
PHF2,RPS6,0.43,keep,NA,FALSE,0.000536204595333003
PIGM,RAD50,0.429,keep,NA,FALSE,6.11663502508393e-06
PIK3C2B,SNX33,0.683,keep,NA,FALSE,0.0148919517145716
PIN1,TP53INP1,0.499,keep,NA,FALSE,1.29876381007297e-05
PLAGL1,RXRA,0.443,keep,NA,FALSE,0.147003481191547
PNRC1,SRSF6,0.447,keep,NA,FALSE,0.00263558832499807
PNRC2,UPF3A,0.784,keep,NA,FALSE,0.43047118344101
PNRC2,RPS6,0.521,keep,NA,FALSE,0.43047118344101
POLR2I,SRSF6,0.575,keep,NA,FALSE,0.00204163329135895
POLR2I,TAF6,0.907,keep,NA,FALSE,0.00204163329135895
POP5,TSEN2,0.549,keep,NA,FALSE,3.38605990860985e-05
POP5,RPP40,0.999,keep,NA,FALSE,3.38605990860985e-05
PREX1,RAC3,0.993,keep,NA,FALSE,0.0278978146747718
PREX1,S1PR1,0.617,keep,NA,FALSE,0.0278978146747718
PSMA7,TNFSF12,0.468,keep,NA,FALSE,0.00116336248587619
PSMA7,SHH,0.465,keep,NA,TRUE,0.00116336248587619
PSMA7,SORCS3,0.41,keep,NA,FALSE,0.00116336248587619
PTBP2,SRSF6,0.448,keep,NA,FALSE,5.83604889226493e-05
PTBP2,QKI,0.755,keep,NA,FALSE,5.83604889226493e-05
PTCH1,SFRP1,0.531,keep,NA,FALSE,0.283631394353462
PTCH1,WNT4,0.418,keep,NA,FALSE,0.283631394353462
PTCH1,STK36,0.652,keep,NA,FALSE,0.283631394353462
PTCH1,SHH,0.999,keep,NA,TRUE,0.283631394353462
PTCH1,PTCH2,0.928,keep,NA,FALSE,0.283631394353462
PTCH2,SFRP1,0.453,keep,NA,FALSE,0.000194951209067738
PTCH2,STK36,0.698,keep,NA,FALSE,0.000194951209067738
PTCH2,SHH,0.999,keep,NA,TRUE,0.000194951209067738
PUS7,SSB,0.455,keep,NA,FALSE,1.28447734545803e-05
QKI,SRSF6,0.469,keep,tested,FALSE,0.437431013922024
RAB31,RIN3,0.829,keep,NA,FALSE,0.0606393158909475
RAC3,WNT4,0.526,keep,NA,FALSE,1.95095734322891e-05
RAC3,SMTNL1,0.54,keep,NA,FALSE,1.95095734322891e-05
RAC3,TAOK3,0.578,keep,NA,FALSE,1.95095734322891e-05
RAD50,RMI1,0.719,keep,NA,FALSE,0.000135356085183278
RBM3,SRSF6,0.547,keep,NA,FALSE,1.72982280594264e-05
RIIAD1,TCTA,0.429,keep,NA,FALSE,3.73470412837828e-05
RIIAD1,TRAF3IP1,0.594,keep,NA,FALSE,3.73470412837828e-05
RIN2,RIN3,0.528,keep,NA,FALSE,0.00178223908646664
RNF150,SYNPO2,0.509,keep,NA,FALSE,0.0827919705160696
RORA,S1PR1,0.408,keep,NA,FALSE,0.15983739651228
RORA,WNT4,0.569,keep,NA,FALSE,0.15983739651228
RORA,VANGL2,0.598,keep,NA,FALSE,0.15983739651228
RPP40,TSEN2,0.554,keep,NA,FALSE,1.00803740563894e-05
RPP40,RPS6,0.81,keep,NA,FALSE,1.00803740563894e-05
RPS6,ULK1,0.4,keep,NA,FALSE,0.00208068130791036
RPS6,RRAGD,0.688,keep,NA,FALSE,0.00208068130791036
RPS6,STK33,0.539,keep,NA,FALSE,0.00208068130791036
RRAGD,ULK1,0.649,keep,NA,FALSE,0.143208846793948
RTN4,SNX1,0.698,keep,NA,FALSE,0.0488346532684396
RTN4,VTA1,0.521,keep,NA,FALSE,0.0488346532684396
RXRA,ZFPM2,0.48,keep,NA,FALSE,0.135757844072098
RXRA,TNRC6B,0.516,keep,NA,FALSE,0.135757844072098
RXRA,TIAM2,0.4,keep,NA,FALSE,0.135757844072098
SALL1,WNT4,0.457,keep,tested,FALSE,0.0263464310169133
SCG3,ZFPM2,0.467,keep,NA,FALSE,0.0512999834076458
SFRP1,SHH,0.577,keep,tested,TRUE,0.261302351406635
SFRP1,VANGL2,0.679,keep,tested,FALSE,0.261302351406635
SFRP1,WNT4,0.946,keep,tested,FALSE,0.261302351406635
SHANK1,SHANK2,0.968,keep,NA,FALSE,0.00990693524551644
SHH,TGFB3,0.532,keep,SHH,FALSE,1
SHH,WNT4,0.552,keep,SHH,FALSE,1
SHH,STK36,0.663,keep,SHH,FALSE,1
SHH,TGFBR1,0.43,keep,SHH,FALSE,1
SHH,ULK3,0.55,keep,SHH,FALSE,1
SHH,VANGL2,0.594,keep,SHH,FALSE,1
SMAD7,TGFB3,0.783,keep,NA,FALSE,0.0125828322890138
SMAD7,ZFPM2,0.461,keep,NA,FALSE,0.0125828322890138
SMAD7,TGFBR1,0.999,keep,NA,FALSE,0.0125828322890138
SMARCC2,TLE3,0.425,keep,NA,FALSE,0.0393936997437384
SNX1,SNX25,0.514,keep,NA,FALSE,0.00234479425882918
SNX1,VPS26B,0.996,keep,NA,FALSE,0.00234479425882918
SNX25,TGFBR1,0.446,keep,NA,FALSE,0.00351347791264861
SORCS3,VPS26B,0.468,keep,NA,FALSE,0.000393936530486949
SOWAHC,STOM,0.402,keep,NA,FALSE,0.197557586072276
SRSF6,SSB,0.571,keep,NA,FALSE,0.190618583240151
STAMBPL1,USP21,0.41,keep,NA,FALSE,0.000475375222696136
STK36,WDR19,0.426,keep,NA,FALSE,0.0226638194743119
STOM,ZNF362,0.41,keep,NA,FALSE,0.0343259046017262
TAF6,USP44,0.469,keep,NA,FALSE,6.85172589959148e-06
TAF6,USP3,0.481,keep,NA,FALSE,6.85172589959148e-06
TEKT2,ZMYND10,0.611,keep,NA,FALSE,0.0031312270698937
TEKT2,TUBA1A,0.856,keep,NA,FALSE,0.0031312270698937
TGFB3,TGFBR1,0.999,keep,NA,FALSE,4.81377888782815e-06
TLE2,TLE3,0.917,keep,NA,FALSE,0.113906165745265
TLE3,ZMIZ1,0.471,keep,NA,FALSE,0.00543477035828737
TOX,TOX2,0.559,keep,NA,FALSE,0.0525321782693803
TRAF3IP1,WDR35,0.874,keep,NA,FALSE,0.000893366701171766
TRAF3IP1,WDR19,0.888,keep,NA,FALSE,0.000893366701171766
TSPAN13,TSPAN6,0.487,keep,NA,FALSE,0.0630218344296754
TYMP,UCKL1,0.758,keep,NA,FALSE,0.000258026440826986
VANGL2,WNT4,0.786,keep,NA,FALSE,0.00279506704500166
VIPAS39,VPS41,0.536,keep,NA,FALSE,0.00205953569889285
WDR19,ZMYND10,0.473,keep,NA,FALSE,2.78890792302443e-05
WDR19,WDR35,0.999,keep,NA,FALSE,2.78890792302443e-05
WDR35,ZMYND10,0.434,keep,NA,FALSE,0.00589851961535907
APOA1,ABCA1,0.999,exclude,NA,FALSE,0.0558908122561575
CELSR2,ABCA1,0.546,exclude,NA,FALSE,0.0396321235814428
HADHB,ABCA1,0.48,exclude,NA,FALSE,0.0516989312277486
NR1I2,ABCA1,0.429,exclude,NA,FALSE,0.000325764065971598
MBTPS1,ABCA1,0.509,exclude,NA,FALSE,0.00739477852390269
ABCG1,ABCA1,0.54,exclude,NA,FALSE,0.000396886571911337
CHD9,ABCA1,0.427,exclude,NA,FALSE,0.000572936909560125
TNRC6B,ABCA1,0.521,exclude,NA,FALSE,0.0426903362984009
MTTP,ABCA1,0.566,exclude,NA,FALSE,0.115787879444773
RXRA,ABCA1,0.916,exclude,NA,FALSE,0.135757844072098
HPGD,ABCC4,0.424,exclude,NA,FALSE,0.000953838994481211
NR1I2,ABCC4,0.722,exclude,NA,FALSE,0.000325764065971598
ABCG1,ABCC4,0.591,exclude,NA,FALSE,0.000396886571911337
APOA1,ABCG1,0.997,exclude,NA,FALSE,0.0558908122561575
HADHB,ABCG1,0.451,exclude,NA,FALSE,0.0516989312277486
MTTP,ABCG1,0.42,exclude,NA,FALSE,0.115787879444773
RXRA,ABCG1,0.815,exclude,NA,FALSE,0.135757844072098
LYPLA2,ABHD3,0.488,exclude,NA,FALSE,0.000235901149041903
OXCT1,ACAD8,0.431,exclude,NA,FALSE,2.34960768534111e-05
HSDL1,ACAD8,0.454,exclude,NA,FALSE,0.00328761173417456
ACADS,ACAD8,0.939,exclude,NA,FALSE,3.12730894431615e-06
ALDH1B1,ACAD8,0.417,exclude,NA,FALSE,9.85732431771271e-05
VPS26B,ACAD8,0.422,exclude,NA,FALSE,1.196942959317e-06
ECHDC2,ACAD8,0.555,exclude,NA,FALSE,0.0637242505088718
CRYL1,ACAD8,0.603,exclude,NA,FALSE,3.77191319245461e-05
HADHB,ACAD8,0.704,exclude,NA,FALSE,0.0516989312277486
OXCT1,ACADS,0.506,exclude,NA,FALSE,2.34960768534111e-05
PC,ACADS,0.454,exclude,NA,FALSE,1.88604643863344e-05
ACSF2,ACADS,0.548,exclude,NA,FALSE,0.00094097206134505
ECHDC2,ACADS,0.603,exclude,NA,FALSE,0.0637242505088718
CRYL1,ACADS,0.645,exclude,NA,FALSE,3.77191319245461e-05
ALDH1B1,ACADS,0.885,exclude,NA,FALSE,9.85732431771271e-05
ALDH7A1,ACADS,0.887,exclude,NA,FALSE,0.0640640646767524
HADHB,ACADS,0.985,exclude,NA,FALSE,0.0516989312277486
GPSM1,ACKR3,0.4,exclude,NA,FALSE,9.74350555687654e-05
PSMA7,ACKR3,0.428,exclude,NA,FALSE,0.00116336248587619
CXCR4,ACKR3,0.996,exclude,NA,FALSE,0.106669358550061
CRYL1,ACSF2,0.539,exclude,NA,FALSE,3.77191319245461e-05
HADHB,ACSF2,0.469,exclude,NA,FALSE,0.0516989312277486
ECHDC2,ACSF2,0.531,exclude,NA,FALSE,0.0637242505088718
CHRD,ACVR2B,0.482,exclude,NA,FALSE,1.50353944715565e-06
TGFB3,ACVR2B,0.495,exclude,NA,FALSE,4.81377888782815e-06
SNX1,ACVR2B,0.557,exclude,NA,FALSE,0.00234479425882918
SMAD7,ACVR2B,0.829,exclude,NA,FALSE,0.0125828322890138
LEFTY1,ACVR2B,0.921,exclude,NA,FALSE,1.63782096055271e-05
BMP1,ACVR2B,0.439,exclude,NA,FALSE,0.0642225946313085
BMPER,ACVR2B,0.67,exclude,NA,FALSE,0.00133356827784874
BMPR2,ACVR2B,0.951,exclude,NA,FALSE,0.176559803563537
TGFBR1,ACVR2B,0.999,exclude,NA,FALSE,0.0370457019540602
NTRK2,ADCYAP1R1,0.774,exclude,NA,FALSE,0.67648009689057
GLP1R,ADCYAP1R1,0.451,exclude,NA,FALSE,0.00371453529508141
GCGR,ADCYAP1R1,0.456,exclude,NA,FALSE,0.000131257808137947
CXCR4,ADCYAP1R1,0.451,exclude,NA,FALSE,0.106669358550061
IGF1R,ADCYAP1R1,0.594,exclude,NA,FALSE,0.171417071798311
ARHGEF6,AFF2,0.445,exclude,NA,FALSE,0.00153385851767562
GRM7,AFF2,0.488,exclude,NA,FALSE,2.31625824880652e-06
NLGN3,AFF2,0.439,exclude,NA,FALSE,0.0635305170825713
GRM4,AFF2,0.545,exclude,NA,FALSE,0.00111072790924883
RPS6,AGA,0.413,exclude,NA,FALSE,0.00208068130791036
FANCE,AK3,0.444,exclude,NA,FALSE,7.47188314924801e-05
AK5,AK3,0.519,exclude,NA,FALSE,0.00774441219196884
MANEAL,AK3,0.424,exclude,NA,FALSE,4.03785797587376e-05
ENPP3,AK3,0.902,exclude,NA,FALSE,3.56409797519516e-14
FANCE,AK5,0.444,exclude,NA,FALSE,7.47188314924801e-05
IGLON5,AK5,0.54,exclude,NA,FALSE,0.000853079880767648
PNMA2,AK5,0.454,exclude,NA,FALSE,0.141965824523325
ENPP3,AK5,0.902,exclude,NA,FALSE,3.56409797519516e-14
ALDH7A1,ALDH1B1,0.415,exclude,NA,FALSE,0.0640640646767524
WDR73,ALPK3,0.418,exclude,NA,FALSE,0.00025031974562936
CXCR4,ANGPTL2,0.561,exclude,NA,FALSE,0.106669358550061
NCOA3,ANKRD11,0.67,exclude,NA,FALSE,0.00236981990238958
ZNF425,ANTXR1,0.482,exclude,NA,FALSE,0.000192928699800916
COL12A1,ANTXR1,0.57,exclude,NA,FALSE,0.000441808597759817
SFRP1,APC,0.428,exclude,tested,FALSE,0.261302351406635
KHDRBS3,APC,0.44,exclude,NA,FALSE,0.00474702397319914
UCKL1,APC,0.475,exclude,NA,FALSE,0.00260295368677482
VANGL2,APC,0.489,exclude,NA,FALSE,0.00279506704500166
TLE3,APC,0.508,exclude,NA,FALSE,0.00543477035828737
TLE2,APC,0.526,exclude,NA,FALSE,0.113906165745265
CDH10,APC,0.549,exclude,NA,FALSE,0.000196736594166434
CDH6,APC,0.552,exclude,NA,FALSE,0.0162166096621244
CDH15,APC,0.552,exclude,NA,FALSE,3.23981841784576e-06
CDH7,APC,0.555,exclude,NA,FALSE,0.0177319801105296
MCM6,APEX1,0.403,exclude,NA,FALSE,4.97238688688167e-05
NHEJ1,APEX1,0.467,exclude,NA,FALSE,0.000383410113440627
ERCC6,APEX1,0.566,exclude,NA,FALSE,0.00204251279467302
SCG3,APOA1,0.459,exclude,NA,FALSE,0.0512999834076458
CHD9,APOA1,0.4,exclude,NA,FALSE,0.000572936909560125
C1R,APOA1,0.547,exclude,NA,FALSE,0.00215483026534597
RXRA,APOA1,0.567,exclude,NA,FALSE,0.135757844072098
NCAM1,APOA1,0.612,exclude,NA,FALSE,0.0806611808596926
BMP1,APOA1,0.797,exclude,NA,FALSE,0.0642225946313085
MTTP,APOA1,0.899,exclude,NA,FALSE,0.115787879444773
SHANK2,APPL2,0.422,exclude,NA,FALSE,0.03103521387539
SHANK2,ARHGEF6,0.526,exclude,NA,FALSE,0.03103521387539
DOCK1,ARHGEF6,0.628,exclude,NA,FALSE,0.0563408111709039
RAC3,ARHGEF6,0.927,exclude,NA,FALSE,1.95095734322891e-05
DPY19L2,ARMC2,0.401,exclude,NA,FALSE,0.000840213629623312
WDR19,ARMC2,0.46,exclude,NA,FALSE,2.78890792302443e-05
DLL3,ASCL1,0.681,exclude,NA,FALSE,0.00181183000403487
GLI1,ASCL1,0.537,exclude,NA,FALSE,0.0788665442997865
NEUROG3,ASCL1,0.705,exclude,NA,FALSE,0.00260619253597112
NTRK2,ASCL1,0.41,exclude,NA,FALSE,0.67648009689057
LIN28A,ASCL1,0.47,exclude,NA,FALSE,0.0109733262503473
HEY1,ASCL1,0.499,exclude,NA,FALSE,0.0246888393136628
ELAVL3,ASCL1,0.508,exclude,NA,FALSE,0.00726353907702157
NCAM1,ASCL1,0.527,exclude,NA,FALSE,0.0806611808596926
FOXN4,ASCL1,0.55,exclude,NA,FALSE,3.39485697008123e-05
NKX6-2,ASCL1,0.56,exclude,NA,FALSE,0.000621788683985722
DCX,ASCL1,0.635,exclude,NA,FALSE,0.327478501750503
NKX2-1,ASCL1,0.654,exclude,NA,FALSE,0.586649938657414
SHH,ASCL1,0.658,exclude,SHH,FALSE,1
FOXA2,ASCL1,0.738,exclude,NA,FALSE,0.420851659651168
NES,ASCL1,0.744,exclude,NA,FALSE,0.173820223332922
NKX2-2,ASCL1,0.872,exclude,NA,FALSE,0.338227513580033
FOXO1,ATG14,0.403,exclude,NA,FALSE,0.0773664950596631
ULK3,ATG14,0.425,exclude,NA,FALSE,0.00971892984491926
DYNLL2,ATG14,0.511,exclude,NA,FALSE,0.0216492890641546
PIK3C2B,ATG14,0.6,exclude,NA,FALSE,0.0148919517145716
ATG4D,ATG14,0.711,exclude,NA,FALSE,2.23601560103196e-07
ATG9B,ATG14,0.726,exclude,NA,FALSE,1.204770901075e-05
ULK1,ATG14,0.999,exclude,NA,FALSE,0.0108915758480401
ATG9B,ATG4D,0.688,exclude,NA,FALSE,1.204770901075e-05
ULK3,ATG4D,0.707,exclude,NA,FALSE,0.00971892984491926
ULK1,ATG4D,0.83,exclude,NA,FALSE,0.0108915758480401
ULK1,ATG9B,0.895,exclude,NA,FALSE,0.0108915758480401
ULK3,ATG9B,0.689,exclude,NA,FALSE,0.00971892984491926
BMP1,ATP2B4,0.487,exclude,NA,FALSE,0.0642225946313085
ITPR1,ATP2B4,0.477,exclude,NA,FALSE,0.00135768713405362
G6PD,ATP2B4,0.415,exclude,NA,FALSE,0.00275233443138684
GDI2,ATP2B4,0.424,exclude,NA,FALSE,1.08151808332941e-05
KCNQ2,ATP2B4,0.443,exclude,NA,FALSE,3.44830359608765e-05
PTPN6,ATP2B4,0.533,exclude,NA,FALSE,0.00012290224580892
SLC26A4,ATP2B4,0.584,exclude,NA,FALSE,1.21409661446702e-05
ATP2C2,ATP2B4,0.633,exclude,NA,FALSE,0.161793086395196
GNPTG,ATP2C2,0.52,exclude,NA,FALSE,0.0699197877994745
NR1I2,B4GALNT1,0.424,exclude,NA,FALSE,0.000325764065971598
ST8SIA1,B4GALNT1,0.985,exclude,NA,FALSE,0.0123677227511857
SOWAHC,BASP1,0.411,exclude,NA,FALSE,0.197557586072276
NCAM1,BASP1,0.502,exclude,NA,FALSE,0.0806611808596926
CYB561D1,BCCIP,0.454,exclude,NA,FALSE,2.05630824067285e-05
CHRD,BMP1,0.984,exclude,NA,FALSE,1.50353944715565e-06
TGFB3,BMP1,0.462,exclude,NA,FALSE,4.81377888782815e-06
LOXL1,BMP1,0.727,exclude,NA,FALSE,2.37381432887821e-05
LRP4,BMP1,0.439,exclude,NA,FALSE,0.12916900475785
COL27A1,BMP1,0.569,exclude,NA,FALSE,0.00016037723319966
BMPR2,BMP1,0.707,exclude,NA,FALSE,0.176559803563537
C1R,BMP1,0.92,exclude,NA,FALSE,0.00215483026534597
CHRD,BMPER,0.799,exclude,NA,FALSE,1.50353944715565e-06
BMPR2,BMPER,0.678,exclude,NA,FALSE,0.176559803563537
CHRD,BMPR2,0.718,exclude,NA,FALSE,1.50353944715565e-06
TGFB3,BMPR2,0.595,exclude,NA,FALSE,4.81377888782815e-06
SMAD7,BMPR2,0.884,exclude,NA,FALSE,0.0125828322890138
KIT,BMPR2,0.683,exclude,NA,FALSE,0.0125550723908042
NTRK3,BMPR2,0.438,exclude,NA,FALSE,0.0051870219629433
NES,BMPR2,0.428,exclude,NA,FALSE,0.173820223332922
TGFBR1,BMPR2,0.722,exclude,NA,FALSE,0.0370457019540602
FBLN1,C1R,0.456,exclude,NA,FALSE,0.00666907917797056
ZSCAN2,C7orf25,0.418,exclude,NA,FALSE,3.22484808982007e-05
RASGRF2,CAMK2B,0.493,exclude,NA,FALSE,0.125920026838474
GRIA4,CAMK2B,0.589,exclude,NA,FALSE,0.0758217147837081
SHANK1,CAMK2B,0.434,exclude,NA,FALSE,0.00990693524551644
OPCML,CAMK2B,0.47,exclude,NA,FALSE,0.0894844171973387
QKI,CAMK2B,0.4,exclude,tested,FALSE,0.437431013922024
OGT,CAMK2B,0.493,exclude,NA,FALSE,3.14298808498165e-05
MPRIP,CAMK2B,0.4,exclude,NA,FALSE,1.10089975887351e-05
DCX,CAPN6,0.56,exclude,NA,FALSE,0.327478501750503
CKMT2,CASQ2,0.421,exclude,NA,FALSE,7.00013905578828e-06
MYOCD,CASQ2,0.444,exclude,NA,FALSE,0.0896004509185944
SYNPO2,CASQ2,0.466,exclude,NA,FALSE,2.03467931601331e-14
KCNJ8,CASQ2,0.473,exclude,NA,FALSE,9.18382668478654e-05
TP53INP1,CASZ1,0.451,exclude,NA,FALSE,0.00750273709258561
DNAAF1,CATSPERG,0.448,exclude,NA,FALSE,0.000298276544822291
SRSF6,CCNL2,0.403,exclude,NA,FALSE,0.190618583240151
E2F2,CCNL2,0.544,exclude,NA,FALSE,0.00479585999946509
FOXO1,CCNL2,0.418,exclude,NA,FALSE,0.0773664950596631
IGF1R,CCNL2,0.4,exclude,NA,FALSE,0.171417071798311
MACROD2,CDH10,0.48,exclude,NA,FALSE,6.87018055992485e-06
TLE2,CDH10,0.532,exclude,NA,FALSE,0.113906165745265
SHANK2,CDH10,0.555,exclude,NA,FALSE,0.03103521387539
NLGN3,CDH10,0.724,exclude,NA,FALSE,0.0635305170825713
CDH6,CDH10,0.782,exclude,NA,FALSE,0.0162166096621244
CDH7,CDH10,0.827,exclude,NA,FALSE,0.0177319801105296
CDH15,CDH10,0.834,exclude,NA,FALSE,3.23981841784576e-06
CDH6,CDH15,0.841,exclude,NA,FALSE,0.0162166096621244
CLDN23,CDH15,0.49,exclude,NA,FALSE,0.0167311695433298
NCAM1,CDH15,0.575,exclude,NA,FALSE,0.0806611808596926
CDH7,CDH15,0.835,exclude,NA,FALSE,0.0177319801105296
CDH7,CDH6,0.799,exclude,NA,FALSE,0.0177319801105296
FZD9,CELSR1,0.758,exclude,NA,FALSE,0.00562768889898243
VANGL2,CELSR1,0.975,exclude,NA,FALSE,0.00279506704500166
LYPD6,CELSR2,0.439,exclude,NA,FALSE,0.00164262653338525
SORCS3,CELSR2,0.658,exclude,NA,FALSE,0.000393936530486949
FZD9,CELSR2,0.692,exclude,NA,FALSE,0.00562768889898243
VANGL2,CELSR2,0.755,exclude,NA,FALSE,0.00279506704500166
TIAM2,CHD9,0.434,exclude,NA,FALSE,1.20651460965443e-05
RXRA,CHD9,0.802,exclude,NA,FALSE,0.135757844072098
TGFB3,CHRD,0.458,exclude,NA,FALSE,4.81377888782815e-06
NKX2-2,CHRD,0.49,exclude,NA,FALSE,0.338227513580033
FRZB,CHRD,0.534,exclude,tested,FALSE,0.556107652448465
FOXA2,CHRD,0.537,exclude,NA,FALSE,0.420851659651168
SMAD7,CHRD,0.549,exclude,NA,FALSE,0.0125828322890138
LEFTY1,CHRD,0.559,exclude,NA,FALSE,1.63782096055271e-05
OLFM1,CHRD,0.561,exclude,NA,FALSE,0.0501985505008058
SHH,CHRD,0.578,exclude,SHH,FALSE,1
RIN3,CHRNA3,0.418,exclude,NA,FALSE,0.00123469978109822
ZC3H12C,CLDN23,0.417,exclude,NA,FALSE,0.00102971463305766
CMTM7,CMTM3,0.896,exclude,NA,FALSE,0.00780499683404499
ITPR1,CNTN1,0.484,exclude,NA,FALSE,0.00135768713405362
NFASC,CNTN1,0.998,exclude,NA,FALSE,0.00443278207954576
PODXL,CNTN1,0.623,exclude,NA,FALSE,0.500627943783634
NTRK2,CNTN6,0.466,exclude,NA,FALSE,0.67648009689057
NFASC,CNTN6,0.469,exclude,NA,FALSE,0.00443278207954576
COL8A1,COL12A1,0.67,exclude,NA,FALSE,0.00408483328757876
NID1,COL12A1,0.418,exclude,NA,FALSE,0.136260757932666
COL14A1,COL12A1,0.772,exclude,NA,FALSE,0.0136473389625893
GPRIN2,COL12A1,0.439,exclude,NA,FALSE,0.00564709931246992
FBLN1,COL12A1,0.469,exclude,NA,FALSE,0.00666907917797056
COL23A1,COL12A1,0.473,exclude,NA,FALSE,0.00423384613951103
COL8A2,COL12A1,0.646,exclude,NA,FALSE,0.000133472369372195
COL27A1,COL12A1,0.695,exclude,NA,FALSE,0.00016037723319966
TGFB3,COL14A1,0.614,exclude,NA,FALSE,4.81377888782815e-06
COL8A1,COL14A1,0.614,exclude,NA,FALSE,0.00408483328757876
NID1,COL14A1,0.596,exclude,NA,FALSE,0.136260757932666
COL27A1,COL14A1,0.535,exclude,NA,FALSE,0.00016037723319966
COL23A1,COL14A1,0.538,exclude,NA,FALSE,0.00423384613951103
FBLN1,COL14A1,0.596,exclude,NA,FALSE,0.00666907917797056
COL8A2,COL14A1,0.757,exclude,NA,FALSE,0.000133472369372195
COL8A1,COL23A1,0.642,exclude,NA,FALSE,0.00408483328757876
COL27A1,COL23A1,0.571,exclude,NA,FALSE,0.00016037723319966
COL8A2,COL23A1,0.608,exclude,NA,FALSE,0.000133472369372195
COL8A1,COL27A1,0.542,exclude,NA,FALSE,0.00408483328757876
COL8A2,COL27A1,0.599,exclude,NA,FALSE,0.000133472369372195
NID1,COL8A1,0.405,exclude,NA,FALSE,0.136260757932666
TGFBR1,COL8A1,0.556,exclude,NA,FALSE,0.0370457019540602
COL8A2,COL8A1,0.927,exclude,NA,FALSE,0.000133472369372195
CYYR1,COL8A2,0.583,exclude,NA,FALSE,0.139862974726801
POLR2I,COPS8,0.549,exclude,NA,FALSE,0.00204163329135895
STAMBPL1,COPS8,0.406,exclude,NA,FALSE,0.000475375222696136
ERCC6,COPS8,0.507,exclude,NA,FALSE,0.00204251279467302
DCAF7,COPS8,0.521,exclude,NA,FALSE,0.0149811997192877
SCG3,CPE,0.803,exclude,NA,FALSE,0.0512999834076458
FOXO1,CPE,0.492,exclude,NA,FALSE,0.0773664950596631
IGF1R,CPEB3,0.543,exclude,NA,FALSE,0.171417071798311
STAU2,CPEB3,0.577,exclude,NA,FALSE,0.0037339120626757
HPGD,CRYL1,0.62,exclude,NA,FALSE,0.000953838994481211
ECHDC2,CRYL1,0.738,exclude,NA,FALSE,0.0637242505088718
HADHB,CRYL1,0.872,exclude,NA,FALSE,0.0516989312277486
PHF10,CTDSP1,0.438,exclude,NA,FALSE,4.88865345550198e-05
DCX,CUX1,0.442,exclude,NA,FALSE,0.327478501750503
PTBP2,CUX1,0.456,exclude,NA,FALSE,5.83604889226493e-05
SOX5,CUX1,0.484,exclude,NA,FALSE,0.0556007423463522
NES,CUX1,0.526,exclude,NA,FALSE,0.173820223332922
GLI1,CXCR4,0.409,exclude,NA,FALSE,0.0788665442997865
KIT,CXCR4,0.833,exclude,NA,FALSE,0.0125550723908042
SHH,CXCR4,0.506,exclude,SHH,FALSE,1
SOX7,CXCR4,0.4,exclude,NA,FALSE,1.64338610316522e-06
S1PR1,CXCR4,0.719,exclude,NA,FALSE,0.0156795484615698
DYRK2,CXCR4,0.445,exclude,NA,FALSE,3.13863323955812e-05
NES,CXCR4,0.593,exclude,NA,FALSE,0.173820223332922
PSMA7,CXCR4,0.603,exclude,NA,FALSE,0.00116336248587619
GNA14,CXCR4,0.701,exclude,NA,FALSE,9.09557946702484e-05
PODXL,CXCR4,0.433,exclude,NA,FALSE,0.500627943783634
FOXO1,CXCR4,0.447,exclude,NA,FALSE,0.0773664950596631
GPSM1,CXCR4,0.4,exclude,NA,FALSE,9.74350555687654e-05
PGF,CXCR4,0.434,exclude,NA,FALSE,0.0572424918375152
PTPN6,CXCR4,0.481,exclude,NA,FALSE,0.00012290224580892
FOXA2,CXCR4,0.564,exclude,NA,FALSE,0.420851659651168
TGFBR1,CXCR4,0.581,exclude,NA,FALSE,0.0370457019540602
NCAM1,CXCR4,0.602,exclude,NA,FALSE,0.0806611808596926
IGF1R,CXCR4,0.697,exclude,NA,FALSE,0.171417071798311
ZMYND10,DAW1,0.421,exclude,NA,FALSE,0.000426465748510227
IQCA1,DAW1,0.573,exclude,NA,FALSE,0.0227047852633724
DNAAF1,DAW1,0.612,exclude,NA,FALSE,0.000298276544822291
DYRK2,DCAF7,0.809,exclude,NA,FALSE,3.13863323955812e-05
SOWAHC,DCAF7,0.473,exclude,NA,FALSE,0.197557586072276
FBRSL1,DCAF7,0.849,exclude,NA,FALSE,0.00182342339266466
RYBP,DCAF7,0.877,exclude,NA,FALSE,0.000529358720963454
NTRK2,DCX,0.532,exclude,NA,FALSE,0.67648009689057
SHH,DCX,0.453,exclude,SHH,FALSE,1
NFASC,DCX,0.885,exclude,NA,FALSE,0.00443278207954576
ELAVL3,DCX,0.475,exclude,NA,FALSE,0.00726353907702157
NES,DCX,0.876,exclude,NA,FALSE,0.173820223332922
STK33,DCX,0.785,exclude,NA,FALSE,0.00181843179482561
TUBA1A,DCX,0.594,exclude,NA,FALSE,0.00824881513846549
NCAM1,DCX,0.675,exclude,NA,FALSE,0.0806611808596926
SFRP1,DKK3,0.775,exclude,tested,FALSE,0.261302351406635
FZD10,DKK3,0.483,exclude,NA,FALSE,2.92694764823093e-05
NKD1,DKK3,0.469,exclude,NA,FALSE,0.265435522372461
WNT4,DKK3,0.469,exclude,NA,FALSE,2.67780518301584e-05
FRZB,DKK3,0.657,exclude,tested,FALSE,0.556107652448465
IGFBP7,DKK3,0.453,exclude,NA,FALSE,0.000201063755984576
SHH,DKK3,0.403,exclude,SHH,FALSE,1
FZD9,DKK3,0.501,exclude,NA,FALSE,0.00562768889898243
ZMYND10,DLEC1,0.413,exclude,NA,FALSE,0.000426465748510227
RNASEH2B,DLEU7,0.46,exclude,NA,FALSE,0.142482396887079
SHH,DLL3,0.406,exclude,SHH,FALSE,1
MYOCD,DLL3,0.413,exclude,NA,FALSE,0.0896004509185944
HEY1,DLL3,0.699,exclude,NA,FALSE,0.0246888393136628
ZMYND10,DNAAF1,0.844,exclude,NA,FALSE,0.000426465748510227
IQCD,DNAAF1,0.425,exclude,NA,FALSE,0.00189390843609153
RAC3,DOCK1,0.938,exclude,NA,FALSE,1.95095734322891e-05
WDR35,DOCK1,0.991,exclude,NA,FALSE,0.00589851961535907
PREX1,DOCK1,0.551,exclude,NA,FALSE,0.0278978146747718
SHB,DOCK1,0.522,exclude,NA,FALSE,0.027530746064254
TIAM2,DOCK1,0.402,exclude,NA,FALSE,1.20651460965443e-05
STK36,DPCD,0.613,exclude,NA,FALSE,0.0226638194743119
TEX15,DPY19L2,0.421,exclude,NA,FALSE,0.112440467877325
NTRK2,DPYSL2,0.568,exclude,NA,FALSE,0.67648009689057
SHANK1,DPYSL2,0.511,exclude,NA,FALSE,0.00990693524551644
RTN4,DPYSL2,0.416,exclude,NA,FALSE,0.0488346532684396
NTRK3,DPYSL2,0.619,exclude,NA,FALSE,0.0051870219629433
TUBA1A,DPYSL2,0.438,exclude,NA,FALSE,0.00824881513846549
STK38L,DUSP23,0.513,exclude,NA,FALSE,0.00646688200727775
IFT88,DYNLL2,0.649,exclude,NA,FALSE,0.00169037910960148
ULK1,DYNLL2,0.529,exclude,NA,FALSE,0.0108915758480401
GPRIN2,DYNLL2,0.453,exclude,NA,FALSE,0.00564709931246992
TUBA1A,DYNLL2,0.455,exclude,NA,FALSE,0.00824881513846549
MCM6,E2F2,0.482,exclude,NA,FALSE,4.97238688688167e-05
TNRC6B,E2F2,0.509,exclude,NA,FALSE,0.0426903362984009
RYBP,E2F2,0.771,exclude,NA,FALSE,0.000529358720963454
OXCT1,ECHDC2,0.448,exclude,NA,FALSE,2.34960768534111e-05
HPGD,ECHDC2,0.535,exclude,NA,FALSE,0.000953838994481211
HADHB,ECHDC2,0.671,exclude,NA,FALSE,0.0516989312277486
MRPL40,ECHDC2,0.415,exclude,NA,FALSE,0.00123940952892026
NPTX2,EDARADD,0.447,exclude,NA,FALSE,0.0227163640340537
ERMN,EFHD1,0.488,exclude,NA,FALSE,0.0177364427356663
PUS7,EFHD2,0.403,exclude,NA,FALSE,1.28447734545803e-05
NMD3,EIF5,0.551,exclude,NA,FALSE,0.0429657504609855
RPS6,EIF5,0.982,exclude,NA,FALSE,0.00208068130791036
NES,ELAVL3,0.407,exclude,NA,FALSE,0.173820223332922
NOVA1,ELAVL3,0.491,exclude,NA,FALSE,0.0362625648550079
NCAM1,ELF4,0.444,exclude,NA,FALSE,0.0806611808596926
SSPN,EMD,0.472,exclude,NA,FALSE,0.0186252420936292
RAC3,EMD,0.593,exclude,NA,FALSE,1.95095734322891e-05
NMNAT2,ENPP3,0.904,exclude,NA,FALSE,1.16689753643283e-06
KIT,ENPP3,0.412,exclude,NA,FALSE,0.0125550723908042
LRRC3,ENPP3,0.407,exclude,NA,FALSE,3.25633323691488e-06
UCKL1,ENPP3,0.907,exclude,NA,FALSE,0.00260295368677482
SLC45A1,ENPP3,0.412,exclude,NA,FALSE,1.02507908916963e-06
NCAM1,EPHA3,0.421,exclude,NA,FALSE,0.0806611808596926
EPHB6,EPHA3,0.54,exclude,NA,FALSE,0.0173989552842519
POLR2I,ERCC6,0.995,exclude,NA,FALSE,0.00204163329135895
RAD50,ERCC6,0.501,exclude,NA,FALSE,0.000135356085183278
NHEJ1,ERCC6L2,0.483,exclude,NA,FALSE,0.000383410113440627
TGFBR1,ERCC6L2,0.422,exclude,NA,FALSE,0.0370457019540602
MYRF,ERMN,0.533,exclude,NA,FALSE,0.584670877252594
SNX1,EXOC7,0.577,exclude,NA,FALSE,0.00234479425882918
IFT88,EXOC7,0.403,exclude,NA,FALSE,0.00169037910960148
HS6ST1,EXTL2,0.48,exclude,NA,FALSE,0.000710438215609323
KCNQ2,FANCE,0.469,exclude,NA,FALSE,3.44830359608765e-05
RMI1,FANCE,0.613,exclude,NA,FALSE,0.000759940660615514
GAGE10,FANCE,0.645,exclude,NA,FALSE,1.53076632917978e-06
RPS6,FANCE,0.976,exclude,NA,FALSE,0.00208068130791036
RYBP,FANK1,0.543,exclude,NA,FALSE,0.000529358720963454
SFRP1,FBLN1,0.467,exclude,tested,FALSE,0.261302351406635
LOXL1,FBLN1,0.534,exclude,NA,FALSE,2.37381432887821e-05
NID1,FBLN1,0.835,exclude,NA,FALSE,0.136260757932666
RYBP,FBRSL1,0.888,exclude,NA,FALSE,0.000529358720963454
SHANK2,FBXL16,0.402,exclude,NA,FALSE,0.03103521387539
KCNQ2,FBXL16,0.477,exclude,NA,FALSE,3.44830359608765e-05
KIT,FGF12,0.459,exclude,NA,FALSE,0.0125550723908042
SHH,FGF12,0.408,exclude,SHH,FALSE,1
FGFR3,FGF12,0.664,exclude,NA,FALSE,0.295248919125903
FGFRL1,FGF12,0.681,exclude,NA,FALSE,0.000978274871152211
KCNJ8,FGF12,0.441,exclude,NA,FALSE,9.18382668478654e-05
IGF1R,FGF12,0.441,exclude,NA,FALSE,0.171417071798311
NTRK2,FGF19,0.692,exclude,NA,FALSE,0.67648009689057
KIT,FGF19,0.768,exclude,NA,FALSE,0.0125550723908042
FGFRL1,FGF19,0.415,exclude,NA,FALSE,0.000978274871152211
SHH,FGF19,0.462,exclude,SHH,FALSE,1
NR1I2,FGF19,0.483,exclude,NA,FALSE,0.000325764065971598
IGF1R,FGF19,0.718,exclude,NA,FALSE,0.171417071798311
FGFR3,FGF19,0.933,exclude,NA,FALSE,0.295248919125903
NTRK2,FGFR3,0.479,exclude,NA,FALSE,0.67648009689057
SLC26A2,FGFR3,0.535,exclude,NA,FALSE,4.89524637920315e-05
SHH,FGFR3,0.633,exclude,SHH,FALSE,1
OPCML,FGFR3,0.473,exclude,NA,FALSE,0.0894844171973387
PTCH1,FGFR3,0.423,exclude,NA,FALSE,0.283631394353462
HOPX,FGFR3,0.434,exclude,NA,FALSE,0.0199523309435878
NTRK3,FGFR3,0.481,exclude,NA,FALSE,0.0051870219629433
NES,FGFR3,0.545,exclude,NA,FALSE,0.173820223332922
IDH1,FGFR3,0.599,exclude,NA,FALSE,0.0449174326900351
PGF,FGFR3,0.689,exclude,NA,FALSE,0.0572424918375152
ULK1,FLCN,0.432,exclude,NA,FALSE,0.0108915758480401
RAB34,FLCN,0.539,exclude,NA,FALSE,6.46456284138747e-07
RPS6,FLCN,0.546,exclude,NA,FALSE,0.00208068130791036
RRAGD,FLCN,0.983,exclude,NA,FALSE,0.143208846793948
NR1I2,FMO5,0.411,exclude,NA,FALSE,0.000325764065971598
WNT4,FMO5,0.439,exclude,NA,FALSE,2.67780518301584e-05
HDC,FMO5,0.492,exclude,NA,FALSE,5.79124294606487e-05
SFRP1,FOXA2,0.5,exclude,tested,FALSE,0.261302351406635
GLI1,FOXA2,0.511,exclude,NA,FALSE,0.0788665442997865
NEUROG3,FOXA2,0.795,exclude,NA,FALSE,0.00260619253597112
SALL1,FOXA2,0.526,exclude,tested,FALSE,0.0263464310169133
GATA5,FOXA2,0.697,exclude,NA,FALSE,0.000195961367269441
NPTX2,FOXA2,0.448,exclude,NA,FALSE,0.0227163640340537
LEFTY1,FOXA2,0.514,exclude,NA,FALSE,1.63782096055271e-05
SHH,FOXA2,0.956,exclude,SHH,FALSE,1
SOX7,FOXA2,0.588,exclude,NA,FALSE,1.64338610316522e-06
PTCH1,FOXA2,0.443,exclude,NA,FALSE,0.283631394353462
NR1I2,FOXA2,0.436,exclude,NA,FALSE,0.000325764065971598
NKX2-1,FOXA2,0.778,exclude,NA,FALSE,0.586649938657414
NES,FOXA2,0.637,exclude,NA,FALSE,0.173820223332922
NKX6-2,FOXA2,0.822,exclude,NA,FALSE,0.000621788683985722
LIN28A,FOXA2,0.433,exclude,NA,FALSE,0.0109733262503473
NKX2-2,FOXA2,0.855,exclude,NA,FALSE,0.338227513580033
TLE3,FOXA2,0.412,exclude,NA,FALSE,0.00543477035828737
FOXD1,FOXA2,0.48,exclude,NA,FALSE,8.85397674966948e-06
NEUROG3,FOXB1,0.437,exclude,NA,FALSE,0.00260619253597112
NKX2-8,FOXB1,0.408,exclude,NA,FALSE,0.107898960194206
SOX5,FOXB1,0.441,exclude,NA,FALSE,0.0556007423463522
SALL1,FOXD1,0.488,exclude,tested,FALSE,0.0263464310169133
WNT4,FOXD1,0.487,exclude,NA,FALSE,2.67780518301584e-05
SHH,FOXD1,0.605,exclude,SHH,FALSE,1
NKX2-1,FOXD1,0.515,exclude,NA,FALSE,0.586649938657414
NEUROG3,FOXO1,0.488,exclude,NA,FALSE,0.00260619253597112
RORA,FOXO1,0.631,exclude,NA,FALSE,0.15983739651228
S1PR1,FOXO1,0.468,exclude,NA,FALSE,0.0156795484615698
ULK1,FOXO1,0.464,exclude,NA,FALSE,0.0108915758480401
NR1I2,FOXO1,0.779,exclude,NA,FALSE,0.000325764065971598
NKX6-2,FOXO1,0.415,exclude,NA,FALSE,0.000621788683985722
NCOA3,FOXO1,0.544,exclude,NA,FALSE,0.00236981990238958
GLP1R,FOXO1,0.644,exclude,NA,FALSE,0.00371453529508141
OGT,FOXO1,0.948,exclude,NA,FALSE,3.14298808498165e-05
RBM3,FOXO1,0.439,exclude,NA,FALSE,1.72982280594264e-05
IKZF4,FOXO1,0.449,exclude,NA,FALSE,0.00905381620745349
RPS6,FOXO1,0.461,exclude,NA,FALSE,0.00208068130791036
IGF1R,FOXO1,0.783,exclude,NA,FALSE,0.171417071798311
SFRP1,FRZB,0.466,exclude,tested,FALSE,0.261302351406635
WNT4,FRZB,0.626,exclude,NA,FALSE,2.67780518301584e-05
SMOC2,FRZB,0.428,exclude,NA,FALSE,0.00420145746087071
SHH,FRZB,0.438,exclude,SHH,FALSE,1
VANGL2,FRZB,0.652,exclude,NA,FALSE,0.00279506704500166
SFRP1,FZD10,0.716,exclude,tested,FALSE,0.261302351406635
VANGL2,FZD10,0.425,exclude,NA,FALSE,0.00279506704500166
NKD1,FZD10,0.518,exclude,NA,FALSE,0.265435522372461
WNT4,FZD10,0.859,exclude,NA,FALSE,2.67780518301584e-05
SFRP1,FZD9,0.726,exclude,tested,FALSE,0.261302351406635
NKD1,FZD9,0.449,exclude,NA,FALSE,0.265435522372461
NTRK2,FZD9,0.444,exclude,NA,FALSE,0.67648009689057
WNT4,FZD9,0.958,exclude,NA,FALSE,2.67780518301584e-05
SHH,FZD9,0.592,exclude,SHH,FALSE,1
VANGL2,FZD9,0.869,exclude,NA,FALSE,0.00279506704500166
IDH1,G6PD,0.781,exclude,NA,FALSE,0.0449174326900351
PC,G6PD,0.795,exclude,NA,FALSE,1.88604643863344e-05
GRIA4,GABRG2,0.486,exclude,NA,FALSE,0.0758217147837081
GRM7,GABRG2,0.459,exclude,NA,FALSE,2.31625824880652e-06
KCNQ2,GABRG2,0.709,exclude,NA,FALSE,3.44830359608765e-05
GRIK3,GABRG2,0.431,exclude,NA,FALSE,0.334102706504597
NOVA1,GABRG2,0.727,exclude,NA,FALSE,0.0362625648550079
GABRQ,GABRG2,0.789,exclude,NA,FALSE,0.00117591975633076
RPS6,GAGE10,0.786,exclude,NA,FALSE,0.00208068130791036
GNPTG,GALNS,0.448,exclude,NA,FALSE,0.0699197877994745
NCAN,GALNS,0.408,exclude,NA,FALSE,0.000633479086048406
SHANK2,GALNT9,0.405,exclude,NA,FALSE,0.03103521387539
GPSM1,GALR1,0.4,exclude,NA,FALSE,9.74350555687654e-05
GPER1,GALR1,0.503,exclude,NA,FALSE,2.48754901677785e-06
NMUR1,GALR1,0.539,exclude,NA,FALSE,0.000391322258000677
SFRP1,GATA5,0.521,exclude,tested,FALSE,0.261302351406635
MCM6,GATA5,0.549,exclude,NA,FALSE,4.97238688688167e-05
ZFPM2,GATA5,0.815,exclude,NA,FALSE,0.000180367609084725
RAMP2,GCGR,0.441,exclude,NA,FALSE,0.00123212236181029
GLP1R,GCGR,0.693,exclude,NA,FALSE,0.00371453529508141
RIN3,GDI2,0.4,exclude,NA,FALSE,0.00123469978109822
RIN2,GDI2,0.434,exclude,NA,FALSE,0.00178223908646664
RAB34,GDI2,0.46,exclude,NA,FALSE,6.46456284138747e-07
RAB31,GDI2,0.908,exclude,NA,FALSE,0.0606393158909475
GFRA3,GFRA2,0.695,exclude,NA,FALSE,0.000228792591034652
NTRK2,GFRA2,0.54,exclude,NA,FALSE,0.67648009689057
NTRK3,GFRA2,0.528,exclude,NA,FALSE,0.0051870219629433
NCAM1,GFRA2,0.738,exclude,NA,FALSE,0.0806611808596926
PGF,GFRA3,0.411,exclude,NA,FALSE,0.0572424918375152
NTRK3,GFRA3,0.457,exclude,NA,FALSE,0.0051870219629433
NTRK2,GFRA3,0.612,exclude,NA,FALSE,0.67648009689057
SFRP1,GLI1,0.691,exclude,tested,FALSE,0.261302351406635
HEY1,GLI1,0.403,exclude,NA,FALSE,0.0246888393136628
IGF1R,GLI1,0.407,exclude,NA,FALSE,0.171417071798311
WNT4,GLI1,0.424,exclude,NA,FALSE,2.67780518301584e-05
NKX6-2,GLI1,0.434,exclude,NA,FALSE,0.000621788683985722
NKX2-1,GLI1,0.451,exclude,NA,FALSE,0.586649938657414
PSMA7,GLI1,0.458,exclude,NA,FALSE,0.00116336248587619
KIT,GLI1,0.536,exclude,NA,FALSE,0.0125550723908042
SMAD7,GLI1,0.577,exclude,NA,FALSE,0.0125828322890138
NES,GLI1,0.587,exclude,NA,FALSE,0.173820223332922
NKX2-2,GLI1,0.591,exclude,NA,FALSE,0.338227513580033
IFT88,GLI1,0.775,exclude,NA,FALSE,0.00169037910960148
ULK3,GLI1,0.84,exclude,NA,FALSE,0.00971892984491926
PTCH2,GLI1,0.842,exclude,NA,FALSE,0.000194951209067738
STK36,GLI1,0.966,exclude,NA,FALSE,0.0226638194743119
PTCH1,GLI1,0.978,exclude,NA,FALSE,0.283631394353462
SHH,GLI1,0.979,exclude,SHH,FALSE,1
PGRMC1,GLP1R,0.421,exclude,NA,FALSE,0.0892456911123242
NEUROG3,GLP1R,0.683,exclude,NA,FALSE,0.00260619253597112
NKX6-2,GLP1R,0.449,exclude,NA,FALSE,0.000621788683985722
TACR1,GNA14,0.698,exclude,NA,FALSE,0.000432676792211211
ITPR1,GNA14,0.63,exclude,NA,FALSE,0.00135768713405362
QKI,GNA14,0.402,exclude,tested,FALSE,0.437431013922024
MBTPS1,GNPTG,0.514,exclude,NA,FALSE,0.00739477852390269
PGRMC1,GPER1,0.548,exclude,NA,FALSE,0.0892456911123242
NMUR1,GPER1,0.508,exclude,NA,FALSE,0.000391322258000677
GPSM1,GPER1,0.413,exclude,NA,FALSE,9.74350555687654e-05
IGF1R,GPER1,0.565,exclude,NA,FALSE,0.171417071798311
SHANK2,GPRIN2,0.488,exclude,NA,FALSE,0.03103521387539
NMUR1,GPSM1,0.4,exclude,NA,FALSE,0.000391322258000677
GRM7,GPSM1,0.445,exclude,NA,FALSE,2.31625824880652e-06
HTR1D,GPSM1,0.424,exclude,NA,FALSE,0.255519957979713
GRM4,GPSM1,0.417,exclude,NA,FALSE,0.00111072790924883
GRM6,GPSM1,0.468,exclude,NA,FALSE,1.55884383730995e-06
SALL1,GREB1,0.435,exclude,tested,FALSE,0.0263464310169133
WNT4,GREB1,0.496,exclude,NA,FALSE,2.67780518301584e-05
NCOA3,GREB1,0.814,exclude,NA,FALSE,0.00236981990238958
TNRC6B,GREB1,0.526,exclude,NA,FALSE,0.0426903362984009
NPTX2,GRIA4,0.8,exclude,NA,FALSE,0.0227163640340537
NTRK2,GRIA4,0.42,exclude,NA,FALSE,0.67648009689057
SHH,GRIA4,0.412,exclude,SHH,FALSE,1
SHANK1,GRIA4,0.45,exclude,NA,FALSE,0.00990693524551644
NCAM1,GRIA4,0.504,exclude,NA,FALSE,0.0806611808596926
NTRK3,GRIA4,0.531,exclude,NA,FALSE,0.0051870219629433
SHANK2,GRIA4,0.579,exclude,NA,FALSE,0.03103521387539
SYNDIG1,GRIA4,0.59,exclude,NA,FALSE,0.0387026530350417
GRM6,GRIA4,0.615,exclude,NA,FALSE,1.55884383730995e-06
GRM4,GRIA4,0.662,exclude,NA,FALSE,0.00111072790924883
GRIK3,GRIA4,0.672,exclude,NA,FALSE,0.334102706504597
GRM7,GRIA4,0.734,exclude,NA,FALSE,2.31625824880652e-06
GRIK4,GRIA4,0.756,exclude,NA,FALSE,1.57521321032259e-06
GRM7,GRIK3,0.524,exclude,NA,FALSE,2.31625824880652e-06
GRM4,GRIK3,0.566,exclude,NA,FALSE,0.00111072790924883
GRM6,GRIK3,0.577,exclude,NA,FALSE,1.55884383730995e-06
GRIK4,GRIK3,0.991,exclude,NA,FALSE,1.57521321032259e-06
SHANK2,GRIK4,0.553,exclude,NA,FALSE,0.03103521387539
GRM7,GRIK4,0.705,exclude,NA,FALSE,2.31625824880652e-06
GRM6,GRIK4,0.578,exclude,NA,FALSE,1.55884383730995e-06
GRM4,GRIK4,0.588,exclude,NA,FALSE,0.00111072790924883
GRM7,GRM4,0.87,exclude,NA,FALSE,2.31625824880652e-06
HTR1D,GRM4,0.466,exclude,NA,FALSE,0.255519957979713
GRM6,GRM4,0.952,exclude,NA,FALSE,1.55884383730995e-06
GRM7,GRM6,0.667,exclude,NA,FALSE,2.31625824880652e-06
HTR1D,GRM6,0.451,exclude,NA,FALSE,0.255519957979713
MYOCD,GRM6,0.471,exclude,NA,FALSE,0.0896004509185944
OXCT1,HADHB,0.944,exclude,NA,FALSE,2.34960768534111e-05
HSDL1,HADHB,0.441,exclude,NA,FALSE,0.00328761173417456
LRRC46,HADHB,0.406,exclude,NA,FALSE,0.000236372005756917
MDH1B,HADHB,0.421,exclude,NA,FALSE,0.00413131291470064
PC,HADHB,0.432,exclude,NA,FALSE,1.88604643863344e-05
IDH1,HADHB,0.598,exclude,NA,FALSE,0.0449174326900351
TPH1,HDC,0.606,exclude,NA,FALSE,0.000156805622938256
NKD1,HEY1,0.545,exclude,NA,FALSE,0.265435522372461
SHH,HEY1,0.445,exclude,SHH,FALSE,1
S1PR1,HOPX,0.444,exclude,NA,FALSE,0.0156795484615698
SMOC2,HOPX,0.468,exclude,NA,FALSE,0.00420145746087071
NKX2-1,HOPX,0.697,exclude,NA,FALSE,0.586649938657414
MBTPS1,HSDL1,0.44,exclude,NA,FALSE,0.00739477852390269
TPH1,HTR1D,0.802,exclude,NA,FALSE,0.000156805622938256
PGRMC1,IDH1,0.403,exclude,NA,FALSE,0.0892456911123242
KIT,IDH1,0.698,exclude,NA,FALSE,0.0125550723908042
NES,IDH1,0.453,exclude,NA,FALSE,0.173820223332922
MDH1B,IDH1,0.692,exclude,NA,FALSE,0.00413131291470064
TET3,IDH1,0.51,exclude,NA,FALSE,0.113522377040053
PC,IDH1,0.761,exclude,NA,FALSE,1.88604643863344e-05
SNX1,IFT88,0.416,exclude,NA,FALSE,0.00234479425882918
SHH,IFT88,0.816,exclude,SHH,FALSE,1
WDR35,IFT88,0.885,exclude,NA,FALSE,0.00589851961535907
VANGL2,IFT88,0.656,exclude,NA,FALSE,0.00279506704500166
PTCH1,IFT88,0.742,exclude,NA,FALSE,0.283631394353462
WDR19,IFT88,0.91,exclude,NA,FALSE,2.78890792302443e-05
TRAF3IP1,IFT88,0.993,exclude,NA,FALSE,0.000893366701171766
UBXN10,IFT88,0.995,exclude,NA,FALSE,0.00210413975537183
SMAD7,IGF1R,0.418,exclude,NA,FALSE,0.0125828322890138
KIT,IGF1R,0.563,exclude,NA,FALSE,0.0125550723908042
IGFBP7,IGF1R,0.841,exclude,NA,FALSE,0.000201063755984576
SHH,IGF1R,0.431,exclude,SHH,FALSE,1
RPS6,IGF1R,0.459,exclude,NA,FALSE,0.00208068130791036
PTPN6,IGF1R,0.432,exclude,NA,FALSE,0.00012290224580892
PGF,IGF1R,0.744,exclude,NA,FALSE,0.0572424918375152
S1PR1,IGFBP7,0.425,exclude,NA,FALSE,0.0156795484615698
NFASC,IGLON5,0.454,exclude,NA,FALSE,0.00443278207954576
PNMA2,IGLON5,0.804,exclude,NA,FALSE,0.141965824523325
LHFPL4,IKZF4,0.413,exclude,NA,FALSE,3.70225692338032e-05
IQCD,IQCA1,0.494,exclude,NA,FALSE,0.00189390843609153
TEKT2,IQCD,0.487,exclude,NA,FALSE,0.0031312270698937
RORA,ITPR1,0.914,exclude,NA,FALSE,0.15983739651228
NTRK2,ITPR1,0.462,exclude,NA,FALSE,0.67648009689057
SHANK1,ITPR1,0.696,exclude,NA,FALSE,0.00990693524551644
PHF2,JMJD4,0.4,exclude,NA,FALSE,0.000536204595333003
KLHL5,KBTBD7,0.4,exclude,NA,FALSE,0.568369744219811
KCNN2,KCNJ8,0.591,exclude,NA,FALSE,1.78591910568795e-05
KCNQ2,KCNN2,0.455,exclude,NA,FALSE,3.44830359608765e-05
NFASC,KCNQ2,0.867,exclude,NA,FALSE,0.00443278207954576
SHANK2,KCNQ2,0.53,exclude,NA,FALSE,0.03103521387539
RPS6,KCNQ2,0.581,exclude,NA,FALSE,0.00208068130791036
NOVA1,KHDRBS3,0.455,exclude,NA,FALSE,0.0362625648550079
RBM3,KHDRBS3,0.549,exclude,NA,FALSE,1.72982280594264e-05
PTBP2,KHDRBS3,0.784,exclude,NA,FALSE,5.83604889226493e-05
NID1,KIT,0.423,exclude,NA,FALSE,0.136260757932666
TGFBR1,KIT,0.4,exclude,NA,FALSE,0.0370457019540602
PTCH1,KIT,0.416,exclude,NA,FALSE,0.283631394353462
LIN28A,KIT,0.446,exclude,NA,FALSE,0.0109733262503473
NKX2-1,KIT,0.45,exclude,NA,FALSE,0.586649938657414
SHH,KIT,0.464,exclude,SHH,FALSE,1
TET3,KIT,0.475,exclude,NA,FALSE,0.113522377040053
PIK3C2B,KIT,0.534,exclude,NA,FALSE,0.0148919517145716
NES,KIT,0.587,exclude,NA,FALSE,0.173820223332922
PSMA7,KIT,0.72,exclude,NA,FALSE,0.00116336248587619
NCAM1,KIT,0.785,exclude,NA,FALSE,0.0806611808596926
PGF,KIT,0.798,exclude,NA,FALSE,0.0572424918375152
PTPN6,KIT,0.856,exclude,NA,FALSE,0.00012290224580892
WDR19,KLHL5,0.547,exclude,NA,FALSE,2.78890792302443e-05
SFRP1,LEFTY1,0.447,exclude,tested,FALSE,0.261302351406635
TGFB3,LEFTY1,0.912,exclude,NA,FALSE,4.81377888782815e-06
LIN28A,LEFTY1,0.418,exclude,NA,FALSE,0.0109733262503473
PCSK6,LEFTY1,0.494,exclude,NA,FALSE,8.90769419399392e-05
SHH,LEFTY1,0.584,exclude,SHH,FALSE,1
NLGN3,LHFPL4,0.587,exclude,NA,FALSE,0.0635305170825713
SALL1,LIN28A,0.407,exclude,tested,FALSE,0.0263464310169133
NES,LIN28A,0.533,exclude,NA,FALSE,0.173820223332922
ZNF362,LIN28A,0.546,exclude,NA,FALSE,0.0292015950377686
SHH,LRP4,0.414,exclude,SHH,FALSE,1
SLC45A1,LRRC3,0.446,exclude,NA,FALSE,1.02507908916963e-06
ZMYND10,LRRC46,0.663,exclude,NA,FALSE,0.000426465748510227
VTA1,LYST,0.948,exclude,NA,FALSE,0.00327506499823832
TGFBR1,MACROD2,0.51,exclude,NA,FALSE,0.0370457019540602
OGT,MBD6,0.412,exclude,NA,FALSE,3.14298808498165e-05
PCSK6,MBTPS1,0.834,exclude,NA,FALSE,8.90769419399392e-05
RNASEH2B,MCM6,0.417,exclude,NA,FALSE,0.142482396887079
PC,MDH1B,0.599,exclude,NA,FALSE,1.88604643863344e-05
METTL9,METTL25,0.734,exclude,NA,FALSE,0.00227301644825663
PTBP2,MEX3B,0.427,exclude,NA,FALSE,5.83604889226493e-05
TMTC2,MFSD6,0.457,exclude,NA,FALSE,0.144130651107399
UCKL1,MPPED1,0.624,exclude,NA,FALSE,0.00260295368677482
QKI,MPRIP,0.59,exclude,tested,FALSE,0.437431013922024
ZNF358,MRC2,0.452,exclude,NA,FALSE,0.00377757828096095
USP44,MRPL40,0.49,exclude,NA,FALSE,0.103153146001007
TMOD2,MYO1D,0.417,exclude,NA,FALSE,0.0155541180502266
SYNPO2,MYOCD,0.519,exclude,NA,FALSE,2.03467931601331e-14
NCOA3,MYOCD,0.631,exclude,NA,FALSE,0.00236981990238958
ZFPM2,MYOCD,0.483,exclude,NA,FALSE,0.000180367609084725
NKX6-2,MYRF,0.49,exclude,NA,FALSE,0.000621788683985722
SLC39A1,MYRF,0.506,exclude,NA,FALSE,7.35146146176604e-06
NKX2-2,MYRF,0.617,exclude,NA,FALSE,0.338227513580033
TMEM98,MYRF,0.759,exclude,NA,FALSE,0.063008594872243
NCAN,NCAM1,0.969,exclude,NA,FALSE,0.000633479086048406
NTRK2,NCAM1,0.693,exclude,NA,FALSE,0.67648009689057
SHH,NCAM1,0.467,exclude,SHH,FALSE,1
NKX2-1,NCAM1,0.632,exclude,NA,FALSE,0.586649938657414
NLGN3,NCAM1,0.58,exclude,NA,FALSE,0.0635305170825713
ULBP3,NCAM1,0.543,exclude,NA,FALSE,0.00758230574249503
NES,NCAM1,0.665,exclude,NA,FALSE,0.173820223332922
PODXL,NCAM1,0.465,exclude,NA,FALSE,0.500627943783634
OPCML,NCAN,0.409,exclude,NA,FALSE,0.0894844171973387
NR1I2,NCOA3,0.553,exclude,NA,FALSE,0.000325764065971598
NKX2-1,NCOA3,0.514,exclude,NA,FALSE,0.586649938657414
TNRC6B,NCOA3,0.531,exclude,NA,FALSE,0.0426903362984009
RXRA,NCOA3,0.988,exclude,NA,FALSE,0.135757844072098
STK38L,NDRG2,0.929,exclude,NA,FALSE,0.00646688200727775
NEUROG3,NES,0.5,exclude,NA,FALSE,0.00260619253597112
SLIT1,NES,0.515,exclude,tested,FALSE,0.720732362812193
NTRK2,NES,0.546,exclude,NA,FALSE,0.67648009689057
WNT4,NES,0.405,exclude,NA,FALSE,2.67780518301584e-05
SHH,NES,0.703,exclude,SHH,FALSE,1
PTCH1,NES,0.432,exclude,NA,FALSE,0.283631394353462
NKX2-1,NES,0.431,exclude,NA,FALSE,0.586649938657414
PSMA7,NES,0.424,exclude,NA,FALSE,0.00116336248587619
NKX2-2,NES,0.506,exclude,NA,FALSE,0.338227513580033
NKX6-2,NES,0.671,exclude,NA,FALSE,0.000621788683985722
SOHLH2,NEUROG3,0.47,exclude,NA,FALSE,0.0024054271495891
NKX6-2,NEUROG3,0.876,exclude,NA,FALSE,0.000621788683985722
NKX2-2,NEUROG3,0.953,exclude,NA,FALSE,0.338227513580033
SFRP1,NKD1,0.434,exclude,tested,FALSE,0.261302351406635
WNT4,NKD1,0.415,exclude,NA,FALSE,2.67780518301584e-05
VANGL2,NKD1,0.58,exclude,NA,FALSE,0.00279506704500166
SHH,NKX2-1,0.689,exclude,SHH,FALSE,1
PTCH1,NKX2-1,0.407,exclude,NA,FALSE,0.283631394353462
SLC26A4,NKX2-1,0.727,exclude,NA,FALSE,1.21409661446702e-05
SHH,NKX2-2,0.821,exclude,SHH,FALSE,1
PTCH1,NKX2-2,0.527,exclude,NA,FALSE,0.283631394353462
NKX6-2,NKX2-2,0.564,exclude,NA,FALSE,0.000621788683985722
TLE3,NKX2-2,0.975,exclude,NA,FALSE,0.00543477035828737
SLIT1,NKX6-2,0.732,exclude,tested,FALSE,0.720732362812193
SHH,NKX6-2,0.642,exclude,SHH,FALSE,1
TLE3,NKX6-2,0.758,exclude,NA,FALSE,0.00543477035828737
NTRK2,NLGN3,0.408,exclude,NA,FALSE,0.67648009689057
SHANK1,NLGN3,0.904,exclude,NA,FALSE,0.00990693524551644
SHANK2,NLGN3,0.958,exclude,NA,FALSE,0.03103521387539
TLE2,NLGN3,0.495,exclude,NA,FALSE,0.113906165745265
PHF2,NMD3,0.565,exclude,NA,FALSE,0.000536204595333003
ST8SIA1,NMD3,0.617,exclude,NA,FALSE,0.0123677227511857
PUS7,NMD3,0.484,exclude,NA,FALSE,1.28447734545803e-05
SRSF6,NOVA1,0.548,exclude,NA,FALSE,0.190618583240151
QKI,NOVA1,0.455,exclude,tested,FALSE,0.437431013922024
PTBP2,NOVA1,0.87,exclude,NA,FALSE,5.83604889226493e-05
RBM3,NOVA1,0.402,exclude,NA,FALSE,1.72982280594264e-05
TEX15,NPTX2,0.429,exclude,NA,FALSE,0.112440467877325
PPP1R14C,NPTX2,0.466,exclude,NA,FALSE,0.472916484906927
RXRA,NR1I2,0.999,exclude,NA,FALSE,0.135757844072098
P2RX3,NTRK2,0.422,exclude,NA,FALSE,0.00433892041242484
OPCML,NTRK2,0.53,exclude,NA,FALSE,0.0894844171973387
PGF,NTRK2,0.685,exclude,NA,FALSE,0.0572424918375152
NTRK3,NTRK2,0.969,exclude,NA,FALSE,0.0051870219629433
SHANK1,NTRK3,0.511,exclude,NA,FALSE,0.00990693524551644
PTCH1,NTRK3,0.41,exclude,NA,FALSE,0.283631394353462
ZFPM2,NTRK3,0.436,exclude,NA,FALSE,0.000180367609084725
TET3,OGT,0.975,exclude,NA,FALSE,0.113522377040053
SALL1,OLFML3,0.586,exclude,tested,FALSE,0.0263464310169133
TGFBR1,OLFML3,0.443,exclude,NA,FALSE,0.0370457019540602
SLC26A4,OTOG,0.554,exclude,NA,FALSE,1.21409661446702e-05
PC,OXCT1,0.531,exclude,NA,FALSE,1.88604643863344e-05
TACR1,P2RX3,0.43,exclude,NA,FALSE,0.000432676792211211
PODXL,PGF,0.406,exclude,NA,FALSE,0.500627943783634
TYMP,PGF,0.401,exclude,NA,FALSE,0.000258026440826986
SMOC2,PHF10,0.433,exclude,NA,FALSE,0.00420145746087071
PTBP2,PHF10,0.537,exclude,NA,FALSE,5.83604889226493e-05
SMARCC2,PHF10,0.999,exclude,NA,FALSE,0.0393936997437384
RPS6,PHF2,0.43,exclude,NA,FALSE,0.00208068130791036
RAD50,PIGM,0.429,exclude,NA,FALSE,0.000135356085183278
SNX33,PIK3C2B,0.683,exclude,NA,FALSE,0.000348221821430675
TP53INP1,PIN1,0.499,exclude,NA,FALSE,0.00750273709258561
RXRA,PLAGL1,0.443,exclude,NA,FALSE,0.135757844072098
SRSF6,PNRC1,0.447,exclude,NA,FALSE,0.190618583240151
UPF3A,PNRC2,0.784,exclude,NA,FALSE,0.0180711564774755
RPS6,PNRC2,0.521,exclude,NA,FALSE,0.00208068130791036
SRSF6,POLR2I,0.575,exclude,NA,FALSE,0.190618583240151
TAF6,POLR2I,0.907,exclude,NA,FALSE,6.85172589959148e-06
TSEN2,POP5,0.549,exclude,NA,FALSE,0.000538913328157418
RPP40,POP5,0.999,exclude,NA,FALSE,1.00803740563894e-05
RAC3,PREX1,0.993,exclude,NA,FALSE,1.95095734322891e-05
S1PR1,PREX1,0.617,exclude,NA,FALSE,0.0156795484615698
TNFSF12,PSMA7,0.468,exclude,NA,FALSE,0.000512835039360135
SHH,PSMA7,0.465,exclude,SHH,FALSE,1
SORCS3,PSMA7,0.41,exclude,NA,FALSE,0.000393936530486949
SRSF6,PTBP2,0.448,exclude,NA,FALSE,0.190618583240151
QKI,PTBP2,0.755,exclude,tested,FALSE,0.437431013922024
SFRP1,PTCH1,0.531,exclude,tested,FALSE,0.261302351406635
WNT4,PTCH1,0.418,exclude,NA,FALSE,2.67780518301584e-05
STK36,PTCH1,0.652,exclude,NA,FALSE,0.0226638194743119
SHH,PTCH1,0.999,exclude,SHH,FALSE,1
PTCH2,PTCH1,0.928,exclude,NA,FALSE,0.000194951209067738
SFRP1,PTCH2,0.453,exclude,tested,FALSE,0.261302351406635
STK36,PTCH2,0.698,exclude,NA,FALSE,0.0226638194743119
SHH,PTCH2,0.999,exclude,SHH,FALSE,1
SSB,PUS7,0.455,exclude,NA,FALSE,0.000352936776943019
SRSF6,QKI,0.469,exclude,NA,FALSE,0.190618583240151
RIN3,RAB31,0.829,exclude,NA,FALSE,0.00123469978109822
WNT4,RAC3,0.526,exclude,NA,FALSE,2.67780518301584e-05
SMTNL1,RAC3,0.54,exclude,NA,FALSE,0.00175698933373892
TAOK3,RAC3,0.578,exclude,NA,FALSE,0.000286893349365163
RMI1,RAD50,0.719,exclude,NA,FALSE,0.000759940660615514
SRSF6,RBM3,0.547,exclude,NA,FALSE,0.190618583240151
TCTA,RIIAD1,0.429,exclude,NA,FALSE,5.07615162729308e-05
TRAF3IP1,RIIAD1,0.594,exclude,NA,FALSE,0.000893366701171766
RIN3,RIN2,0.528,exclude,NA,FALSE,0.00123469978109822
SYNPO2,RNF150,0.509,exclude,NA,FALSE,2.03467931601331e-14
S1PR1,RORA,0.408,exclude,NA,FALSE,0.0156795484615698
WNT4,RORA,0.569,exclude,NA,FALSE,2.67780518301584e-05
VANGL2,RORA,0.598,exclude,NA,FALSE,0.00279506704500166
TSEN2,RPP40,0.554,exclude,NA,FALSE,0.000538913328157418
RPS6,RPP40,0.81,exclude,NA,FALSE,0.00208068130791036
ULK1,RPS6,0.4,exclude,NA,FALSE,0.0108915758480401
RRAGD,RPS6,0.688,exclude,NA,FALSE,0.143208846793948
STK33,RPS6,0.539,exclude,NA,FALSE,0.00181843179482561
ULK1,RRAGD,0.649,exclude,NA,FALSE,0.0108915758480401
SNX1,RTN4,0.698,exclude,NA,FALSE,0.00234479425882918
VTA1,RTN4,0.521,exclude,NA,FALSE,0.00327506499823832
ZFPM2,RXRA,0.48,exclude,NA,FALSE,0.000180367609084725
TNRC6B,RXRA,0.516,exclude,NA,FALSE,0.0426903362984009
TIAM2,RXRA,0.4,exclude,NA,FALSE,1.20651460965443e-05
WNT4,SALL1,0.457,exclude,NA,FALSE,2.67780518301584e-05
ZFPM2,SCG3,0.467,exclude,NA,FALSE,0.000180367609084725
SHH,SFRP1,0.577,exclude,SHH,FALSE,1
VANGL2,SFRP1,0.679,exclude,NA,FALSE,0.00279506704500166
WNT4,SFRP1,0.946,exclude,NA,FALSE,2.67780518301584e-05
SHANK2,SHANK1,0.968,exclude,NA,FALSE,0.03103521387539
TGFB3,SHH,0.532,exclude,NA,TRUE,4.81377888782815e-06
WNT4,SHH,0.552,exclude,NA,TRUE,2.67780518301584e-05
STK36,SHH,0.663,exclude,NA,TRUE,0.0226638194743119
TGFBR1,SHH,0.43,exclude,NA,TRUE,0.0370457019540602
ULK3,SHH,0.55,exclude,NA,TRUE,0.00971892984491926
VANGL2,SHH,0.594,exclude,NA,TRUE,0.00279506704500166
TGFB3,SMAD7,0.783,exclude,NA,FALSE,4.81377888782815e-06
ZFPM2,SMAD7,0.461,exclude,NA,FALSE,0.000180367609084725
TGFBR1,SMAD7,0.999,exclude,NA,FALSE,0.0370457019540602
TLE3,SMARCC2,0.425,exclude,NA,FALSE,0.00543477035828737
SNX25,SNX1,0.514,exclude,NA,FALSE,0.00351347791264861
VPS26B,SNX1,0.996,exclude,NA,FALSE,1.196942959317e-06
TGFBR1,SNX25,0.446,exclude,NA,FALSE,0.0370457019540602
VPS26B,SORCS3,0.468,exclude,NA,FALSE,1.196942959317e-06
STOM,SOWAHC,0.402,exclude,NA,FALSE,0.0343259046017262
SSB,SRSF6,0.571,exclude,NA,FALSE,0.000352936776943019
USP21,STAMBPL1,0.41,exclude,NA,FALSE,0.00212856623590723
WDR19,STK36,0.426,exclude,NA,FALSE,2.78890792302443e-05
ZNF362,STOM,0.41,exclude,NA,FALSE,0.0292015950377686
USP44,TAF6,0.469,exclude,NA,FALSE,0.103153146001007
USP3,TAF6,0.481,exclude,NA,FALSE,0.00538303493111382
ZMYND10,TEKT2,0.611,exclude,NA,FALSE,0.000426465748510227
TUBA1A,TEKT2,0.856,exclude,NA,FALSE,0.00824881513846549
TGFBR1,TGFB3,0.999,exclude,NA,FALSE,0.0370457019540602
TLE3,TLE2,0.917,exclude,NA,FALSE,0.00543477035828737
ZMIZ1,TLE3,0.471,exclude,NA,FALSE,0.239935111548886
TOX2,TOX,0.559,exclude,NA,FALSE,0.000918149291449128
WDR35,TRAF3IP1,0.874,exclude,NA,FALSE,0.00589851961535907
WDR19,TRAF3IP1,0.888,exclude,NA,FALSE,2.78890792302443e-05
TSPAN6,TSPAN13,0.487,exclude,NA,FALSE,0.000111683705475353
UCKL1,TYMP,0.758,exclude,NA,FALSE,0.00260295368677482
WNT4,VANGL2,0.786,exclude,NA,FALSE,2.67780518301584e-05
VPS41,VIPAS39,0.536,exclude,NA,FALSE,2.58195371386129e-05
ZMYND10,WDR19,0.473,exclude,NA,FALSE,0.000426465748510227
WDR35,WDR19,0.999,exclude,NA,FALSE,0.00589851961535907
ZMYND10,WDR35,0.434,exclude,NA,FALSE,0.000426465748510227
